IP,Session_ID,Time,StudentID,Subject,Date,Issue raised,Raised by (Student /Proctor),Time spent by proctor(minutes),time spent by student(minutes),Issue resolved or not,Camera visibility,Total session time,ADS
10.131.1.154,234768A8976N1165, 10:01:13,2019mc22005,NETWORK EMBEDDED APPLICATIONS,18-10-2020 (FN),0,Null,0,0,null, 01:57:38, 01:57:38,25
10.131.1.211,234768A8976N1102, 10:01:52,2019mc22004,NETWORK EMBEDDED APPLICATIONS,18-10-2020 (FN),8,Proctor, 01:37, 00:06,Y, 01:55:45, 01:55:45,22
10.131.1.41,234768A8976N1039, 10:01:53,2019mc22003,NETWORK EMBEDDED APPLICATIONS,18-10-2020 (FN),0,Null,0,0,null, 02:00:00, 02:00:00,21
10.131.1.99,234456GA8976N120, 10:01:33,2019mc22002,NETWORK EMBEDDED APPLICATIONS,18-10-2020 (FN),6,Proctor, 02:05, 03:04,Y, 01:44:08, 01:58:40,22
10.131.1.147,234768A8976N1173, 10:01:37,2019mc21997,NETWORK EMBEDDED APPLICATIONS,18-10-2020 (FN),6,Proctor, 03:38, 03:55,Y, 01:47:35, 01:56:37,22
10.131.1.204,234768A8976N1110, 10:01:15,2019mc21996,NETWORK EMBEDDED APPLICATIONS,18-10-2020 (FN),6,Proctor, 04:24, 03:38,Y, 01:40:33, 01:58:39,24
10.131.1.33,234768A8976N1047, 10:01:50,2019mc21995,NETWORK EMBEDDED APPLICATIONS,18-10-2020 (FN),5,Student, 00:05, 01:27,Y, 01:57:57, 01:57:57,24
10.131.1.91,234456GA8976N128, 10:01:04,2019mc21994,NETWORK EMBEDDED APPLICATIONS,18-10-2020 (FN),6,Proctor, 04:36, 00:18,Y, 01:44:53, 01:59:37,22
10.131.1.231,234768A8976N1080, 14:00:27,2019mc21962,FINITE ELEMENT METHODS,18-10-2020 (AN),1,Student, 04:04, 00:49,Y, 01:54:01, 01:56:17,23
10.113.2.222,234768A8976N1080, 14:00:27,2019mc21962,FINITE ELEMENT METHODS,18-10-2020 (AN),1,Student, 04:04, 00:49,Y, 01:54:01, 01:56:17,23
10.131.1.197,234768A8976N1118, 10:00:18,2019mc21988,NETWORK EMBEDDED APPLICATIONS,18-10-2020 (FN),7,Proctor, 03:07, 01:14,Y, 02:00:00, 02:00:00,51
10.131.1.254,234768A8976N1055, 10:01:35,2019mc21987,NETWORK EMBEDDED APPLICATIONS,18-10-2020 (FN),6,Proctor, 03:47, 01:26,Y, 01:48:47, 01:58:20,22
10.131.1.84,234456GA8976N136, 10:00:18,2019mc21986,NETWORK EMBEDDED APPLICATIONS,18-10-2020 (FN),6,Proctor, 01:22, 01:44,Y, 01:46:24, 01:55:17,24
10.131.1.132,234768A8976N1189, 10:00:53,2019mc21981,NETWORK EMBEDDED APPLICATIONS,18-10-2020 (FN),5,Student, 03:59, 02:53,Y, 01:55:26, 01:55:26,22
10.131.1.19,234768A8976N1126, 10:01:13,2019mc21980,NETWORK EMBEDDED APPLICATIONS,18-10-2020 (FN),3,Student, 04:03, 03:26,Y, 01:58:41, 01:58:41,21
10.131.1.247,234768A8976N1063, 10:00:36,2019mc21979,NETWORK EMBEDDED APPLICATIONS,18-10-2020 (FN),0,Null,0,0,null, 01:58:21, 01:58:21,23
10.131.1.77,234456GA8976N144, 10:01:56,2019mc21978,NETWORK EMBEDDED APPLICATIONS,18-10-2020 (FN),0,Null,0,0,null, 01:56:06, 01:56:06,24
10.131.1.125,234768A8976N1197, 10:01:06,2019mc21973,NETWORK EMBEDDED APPLICATIONS,18-10-2020 (FN),5,Student, 03:12, 03:50,Y, 01:59:24, 01:59:24,22
10.131.1.198,234768A8976N1117, 14:00:56,2019mc21989,INFRASTRUCTURE MANAGEMENT,17-10-2020 (AN),2,Student, 03:57, 04:35,Y, 01:48:01, 01:59:51,21
10.113.1.201,234768A8976N1117, 14:43:26,2019mc21989,INFRASTRUCTURE MANAGEMENT,17-10-2020 (AN),2,Student, 03:57, 04:35,Y, 01:48:01, 01:59:51,23
10.131.1.24,234768A8976N1071, 10:00:07,2019mc21971,NETWORK EMBEDDED APPLICATIONS,18-10-2020 (FN),0,Null,0,0,null, 01:59:35, 01:59:35,23
10.131.1.7,234768A8976N1002, 10:00:28,2019mc21970,NETWORK EMBEDDED APPLICATIONS,18-10-2020 (FN),0,Null,0,0,null, 01:55:22, 01:55:22,21
10.131.1.118,234768A8976N1205, 10:00:26,2019mc21965,NETWORK EMBEDDED APPLICATIONS,18-10-2020 (FN),0,Null,0,0,null, 02:00:00, 02:00:00,22
10.131.1.175,234768A8976N1142, 10:01:43,2019mc21964,NETWORK EMBEDDED APPLICATIONS,18-10-2020 (FN),0,Null,0,0,null, 01:59:46, 01:59:46,22
10.131.1.232,234768A8976N1079, 10:00:05,2019mc21963,NETWORK EMBEDDED APPLICATIONS,18-10-2020 (FN),7,Proctor, 02:23, 02:37,N, 02:00:00, 02:00:00,57
10.131.1.133,234768A8976N1188, 14:00:01,2019mc21982,INFRASTRUCTURE MANAGEMENT,17-10-2020 (AN),1,Student, 04:55, 01:25,Y, 01:56:16, 01:57:54,21
10.121.2.143,234768A8976N1188, 14:00:01,2019mc21982,INFRASTRUCTURE MANAGEMENT,17-10-2020 (AN),1,Student, 04:55, 01:25,Y, 01:56:16, 01:57:54,21
10.131.1.110,234768A8976N1213, 10:00:56,2019mc21957,NETWORK EMBEDDED APPLICATIONS,18-10-2020 (FN),5,Student, 00:54, 02:33,Y, 01:57:26, 01:57:26,24
10.131.1.168,234768A8976N1150, 10:01:13,2019mc21956,NETWORK EMBEDDED APPLICATIONS,18-10-2020 (FN),0,Null,0,0,null, 01:57:04, 01:57:04,24
10.131.1.225,234768A8976N1087, 10:01:35,2019mc21955,NETWORK EMBEDDED APPLICATIONS,18-10-2020 (FN),0,Null,0,0,null, 01:59:09, 01:59:09,21
10.131.1.55,234768A8976N1024, 10:01:47,2019mc21954,NETWORK EMBEDDED APPLICATIONS,18-10-2020 (FN),4,Student, 02:47, 01:44,Y, 01:58:19, 01:58:19,23
10.131.1.103,234768A8976N1221, 10:00:57,2019mc21949,NETWORK EMBEDDED APPLICATIONS,18-10-2020 (FN),3,Student, 03:48, 00:43,N, 02:00:00, 02:00:00,21
10.131.1.160,234768A8976N1158, 10:00:43,2019mc21948,NETWORK EMBEDDED APPLICATIONS,18-10-2020 (FN),0,Null,0,0,null, 01:55:42, 01:55:42,22
10.131.1.218,234768A8976N1095, 10:00:00,2019mc21947,NETWORK EMBEDDED APPLICATIONS,18-10-2020 (FN),8,Proctor, 04:50, 00:09,Y, 01:55:44, 01:55:44,21
10.131.1.48,234768A8976N1032, 10:01:18,2019mc21946,NETWORK EMBEDDED APPLICATIONS,18-10-2020 (FN),7,Proctor, 03:11, 01:52,Y, 01:59:43, 01:59:43,56
10.131.1.153,234768A8976N1166, 14:01:14,2019mc22004,FINITE ELEMENT METHODS,18-10-2020 (AN),0,Null,0,0,null, 01:55:32, 01:55:32,20
10.131.1.210,234768A8976N1103, 14:01:14,2019mc22003,FINITE ELEMENT METHODS,18-10-2020 (AN),0,Null,0,0,null, 01:58:27, 01:58:27,22
10.131.1.40,234768A8976N1040, 14:01:26,2019mc22002,FINITE ELEMENT METHODS,18-10-2020 (AN),5,Student, 02:15, 02:43,N, 01:56:55, 01:56:55,24
10.131.1.98,234456GA8976N121, 14:01:04,2019mc22001,FINITE ELEMENT METHODS,18-10-2020 (AN),0,Null,0,0,null, 01:58:01, 01:58:01,22
10.131.1.146,234768A8976N1174, 14:00:44,2019mc21996,FINITE ELEMENT METHODS,18-10-2020 (AN),8,Proctor, 03:32, 04:34,Y, 01:57:11, 01:57:11,23
10.131.1.203,234768A8976N1111, 14:01:53,2019mc21995,FINITE ELEMENT METHODS,18-10-2020 (AN),6,Proctor, 00:10, 00:43,Y, 01:53:15, 01:59:21,23
10.131.1.32,234768A8976N1048, 14:01:59,2019mc21994,FINITE ELEMENT METHODS,18-10-2020 (AN),8,Proctor, 01:32, 00:07,Y, 01:57:45, 01:57:45,23
10.131.1.90,234456GA8976N129, 14:01:22,2019mc21993,FINITE ELEMENT METHODS,18-10-2020 (AN),4,Student, 03:12, 00:31,Y, 02:00:00, 02:00:00,21
10.131.1.139,234768A8976N1182, 14:00:57,2019mc21988,FINITE ELEMENT METHODS,18-10-2020 (AN),3,Student, 02:26, 04:56,Y, 01:56:06, 01:56:06,22
10.131.1.196,234768A8976N1119, 14:01:18,2019mc21987,FINITE ELEMENT METHODS,18-10-2020 (AN),6,Proctor, 04:56, 03:53,Y, 01:42:51, 01:56:11,23
10.131.1.253,234768A8976N1056, 14:00:55,2019mc21986,FINITE ELEMENT METHODS,18-10-2020 (AN),6,Proctor, 02:58, 02:24,Y, 01:49:03, 01:59:21,24
10.131.1.83,234456GA8976N137, 14:00:29,2019mc21985,FINITE ELEMENT METHODS,18-10-2020 (AN),6,Proctor, 00:59, 00:31,Y, 01:47:32, 01:57:48,21
10.131.1.131,234768A8976N1190, 14:00:58,2019mc21980,FINITE ELEMENT METHODS,18-10-2020 (AN),7,Proctor, 02:31, 02:19,Y, 01:59:05, 01:59:05,58
10.131.1.189,234768A8976N1127, 14:01:36,2019mc21979,FINITE ELEMENT METHODS,18-10-2020 (AN),5,Student,0, 02:30,N, 01:58:55, 01:58:55,21
10.131.1.246,234768A8976N1064, 14:01:02,2019mc21978,FINITE ELEMENT METHODS,18-10-2020 (AN),6,Proctor, 01:34, 02:43,Y, 01:45:10, 01:57:23,23
10.131.1.76,234456GA8976N145, 14:00:26,2019mc21977,FINITE ELEMENT METHODS,18-10-2020 (AN),8,Proctor, 02:14, 00:18,Y, 01:57:44, 01:57:44,23
10.130.1.231,234768A8976N1382, 10:01:42,2019mc21980,ADVANCED DRIVER ASSISTANCE SYSTEMS,15-03-2020(FN),2,Student, 04:31, 04:28,N, 01:43:31, 01:59:32,24
10.103.1.214,NULL,NULL,2019mc21980,ADVANCED DRIVER ASSISTANCE SYSTEMS,15-03-2020(FN),2,Student, 04:31, 04:28,N, 01:43:31, 01:59:32,NULL
10.131.1.181,234768A8976N1135, 14:01:49,2019mc21971,FINITE ELEMENT METHODS,18-10-2020 (AN),8,Proctor, 04:12, 02:37,Y, 01:59:55, 01:59:55,22
10.131.1.239,234768A8976N1072, 14:01:07,2019mc21970,FINITE ELEMENT METHODS,18-10-2020 (AN),5,Student, 04:13, 01:06,N, 01:57:59, 01:57:59,24
10.131.1.69,234768A8976N1003, 14:00:52,2019mc21969,FINITE ELEMENT METHODS,18-10-2020 (AN),4,Student, 03:42, 00:40,Y, 01:58:31, 01:58:31,20
10.131.1.117,234768A8976N1206, 14:00:12,2019mc21964,FINITE ELEMENT METHODS,18-10-2020 (AN),8,Proctor, 00:24, 03:51,Y, 01:57:24, 01:57:24,23
10.130.2.22,234768A8976N1280, 10:01:30,2019mc21954,ADVANCED DRIVER ASSISTANCE SYSTEMS,15-03-2020(FN),1,Student, 02:31, 05:01,Y, 01:57:26, 01:59:16,23
10.103.2.102,234768A8976N1280, 10:01:30,2019mc21954,ADVANCED DRIVER ASSISTANCE SYSTEMS,15-03-2020(FN),1,Student, 02:31, 05:01,Y, 01:57:26, 01:59:16,23
10.130.2.29,234768A8976N1273, 14:01:30,2019mc21961,MATERIALS MANAGEMENT,15-03-2020(AN),2,Student, 03:33, 01:53,Y, 01:44:16, 01:57:33,23
10.113.1.209,234768A8976N1273, 14:51:32,2019mc21961,MATERIALS MANAGEMENT,15-03-2020(AN),2,Student, 03:33, 01:53,Y, 01:44:16, 01:57:33,25
10.131.1.61,234768A8976N1017, 14:00:50,2019mc21961,FINITE ELEMENT METHODS,18-10-2020 (AN),7,Proctor, 04:50, 04:41,Y, 01:58:38, 01:58:38,56
10.131.1.11,234768A8976N1214, 14:00:34,2019mc21956,FINITE ELEMENT METHODS,18-10-2020 (AN),8,Proctor, 00:12, 01:51,Y, 01:57:13, 01:57:13,22
10.131.1.167,234768A8976N1151, 14:01:55,2019mc21955,FINITE ELEMENT METHODS,18-10-2020 (AN),6,Proctor, 03:17, 04:02,Y, 01:44:30, 01:55:41,22
10.131.1.224,234768A8976N1088, 14:00:12,2019mc21954,FINITE ELEMENT METHODS,18-10-2020 (AN),7,Proctor, 04:21, 03:54,Y, 01:56:15, 01:56:15,65
10.131.1.54,234768A8976N1025, 14:00:33,2019mc21953,FINITE ELEMENT METHODS,18-10-2020 (AN),0,Null,0,0,null, 02:00:00, 02:00:00,23
10.131.1.102,234768A8976N1222, 14:01:00,2019mc21948,FINITE ELEMENT METHODS,18-10-2020 (AN),5,Student, 04:05, 02:09,N, 01:59:09, 01:59:09,25
10.131.1.16,234768A8976N1159, 14:01:25,2019mc21947,FINITE ELEMENT METHODS,18-10-2020 (AN),5,Student, 04:10, 02:29,N, 01:58:19, 01:58:19,21
10.130.1.29,234768A8976N1352, 14:01:23,2019mc21946,MATERIALS MANAGEMENT,15-03-2020(AN),1,Student, 02:05, 01:40,Y, 01:55:09, 01:57:54,20
10.113.1.232,224768A8976N1765, 14:01:23,2019mc21946,MATERIALS MANAGEMENT,15-03-2020(AN),1,Student, 02:05, 01:40,Y, 01:55:09, 01:57:54,20
10.131.1.47,234768A8976N1033, 14:00:53,2019mc21945,FINITE ELEMENT METHODS,18-10-2020 (AN),8,Proctor, 02:57, 02:22,Y, 01:58:27, 01:58:27,21
10.131.1.156,234768A8976N1163, 10:00:41,2019mc22007,DESIGN AND OPERATIONS OF DATA CENTRES,17-10-2020 (FN),8,Proctor, 04:08, 00:40,Y, 01:58:41, 01:58:41,25
10.131.1.213,234768A8976N1100, 10:01:47,2019mc22006,DESIGN AND OPERATIONS OF DATA CENTRES,17-10-2020 (FN),8,Proctor, 00:35, 00:45,Y, 01:55:05, 01:55:05,22
10.131.1.43,234768A8976N1037, 10:01:14,2019mc22005,DESIGN AND OPERATIONS OF DATA CENTRES,17-10-2020 (FN),0,Null,0,0,null, 01:56:15, 01:56:15,21
10.133.10.24,234456GA8976N118, 10:00:56,2019mc22004,DESIGN AND OPERATIONS OF DATA CENTRES,17-10-2020 (FN),0,Null,0,0,null, 02:00:00, 02:00:00,23
10.130.1.204,234768A8976N1412, 10:01:24,2019mc21950,SOFTWARE FOR EMBEDDED SYSTEMS,14-03-2020(FN),1,Student, 04:12, 00:52,Y, 01:54:41, 01:55:37,24
10.132.1.221,224768A8976N1543, 10:01:24,2019mc21950,SOFTWARE FOR EMBEDDED SYSTEMS,14-03-2020(FN),1,Student, 04:12, 00:52,Y, 01:54:41, 01:55:37,24
10.131.1.206,234768A8976N1108, 10:01:34,2019mc21998,DESIGN AND OPERATIONS OF DATA CENTRES,17-10-2020 (FN),5,Student, 00:32, 03:50,Y, 01:57:15, 01:57:15,21
10.131.1.35,234768A8976N1045, 10:01:26,2019mc21997,DESIGN AND OPERATIONS OF DATA CENTRES,17-10-2020 (FN),0,Null,0,0,null, 01:57:37, 01:57:37,21
10.131.1.93,234456GA8976N126, 10:01:38,2019mc21996,DESIGN AND OPERATIONS OF DATA CENTRES,17-10-2020 (FN),8,Proctor, 03:52, 03:34,Y, 01:59:22, 01:59:22,24
10.131.1.141,234768A8976N1179, 10:00:34,2019mc21991,DESIGN AND OPERATIONS OF DATA CENTRES,17-10-2020 (FN),8,Proctor, 03:02, 03:04,Y, 01:58:50, 01:58:50,22
10.131.1.199,234768A8976N1116, 10:00:35,2019mc21990,DESIGN AND OPERATIONS OF DATA CENTRES,17-10-2020 (FN),0,Null,0,0,null, 01:58:38, 01:58:38,22
10.131.1.27,234768A8976N1053, 10:00:23,2019mc21989,DESIGN AND OPERATIONS OF DATA CENTRES,17-10-2020 (FN),3,Student, 02:02, 04:21,Y, 01:58:26, 01:58:26,23
10.131.1.86,234456GA8976N134, 10:01:16,2019mc21988,DESIGN AND OPERATIONS OF DATA CENTRES,17-10-2020 (FN),4,Student, 03:32, 03:47,Y, 01:58:26, 01:58:26,23
10.130.1.160,234768A8976N1460, 14:00:46,2019mc21966,INFORMATION RETRIEVAL ,14-03-2020(AN),2,Student, 02:12, 01:43,Y, 01:45:58, 01:58:42,22
10.103.2.132,234768A8976N1460, 15:21:32,2019mc21966,INFORMATION RETRIEVAL ,14-03-2020(AN),2,Student, 02:12, 01:43,Y, 01:45:58, 01:58:42,20
10.131.1.250,234768A8976N1059, 10:00:41,2019mc21983,PREDICTIVE ANALYTICS,11-10-2020 (FN),2,Student, 02:12, 01:56,Y, 01:44:03, 01:56:12,25
10.101.2.224,234768A8976N1059, 10:40:23,2019mc21983,PREDICTIVE ANALYTICS,11-10-2020 (FN),2,Student, 02:12, 01:56,Y, 01:44:03, 01:56:12,23
10.131.1.249,234768A8976N1061, 10:00:43,2019mc21981,DESIGN AND OPERATIONS OF DATA CENTRES,17-10-2020 (FN),8,Proctor, 01:46, 04:10,Y, 01:58:01, 01:58:01,21
10.131.1.79,234456GA8976N142, 10:01:10,2019mc21980,DESIGN AND OPERATIONS OF DATA CENTRES,17-10-2020 (FN),4,Student, 04:47, 00:11,Y, 01:56:06, 01:56:06,22
10.131.1.127,234768A8976N1195, 10:01:20,2019mc21975,DESIGN AND OPERATIONS OF DATA CENTRES,17-10-2020 (FN),8,Proctor, 00:28, 01:38,Y, 01:57:32, 01:57:32,24
10.131.1.184,234768A8976N1132, 10:00:07,2019mc21974,DESIGN AND OPERATIONS OF DATA CENTRES,17-10-2020 (FN),6,Proctor, 04:15, 03:08,Y, 01:48:57, 01:57:08,22
10.131.1.241,234768A8976N1069, 10:00:33,2019mc21973,DESIGN AND OPERATIONS OF DATA CENTRES,17-10-2020 (FN),6,Proctor, 02:52, 04:06,Y, 01:52:49, 01:57:10,22
10.131.1.71,234456GA8976N150, 10:01:12,2019mc21972,DESIGN AND OPERATIONS OF DATA CENTRES,17-10-2020 (FN),3,Student, 02:14, 02:56,Y, 01:59:05, 01:59:05,23
10.131.1.12,234768A8976N1203, 10:01:17,2019mc21967,DESIGN AND OPERATIONS OF DATA CENTRES,17-10-2020 (FN),6,Proctor, 04:13, 01:06,Y, 01:46:08, 01:59:59,23
10.131.1.121,234768A8976N1201, 10:00:00,2019mc21969,PREDICTIVE ANALYTICS,11-10-2020 (FN),1,Student, 03:42, 02:00,Y, 01:55:49, 01:57:10,23
10.101.2.126,234768A8976N1201, 10:00:00,2019mc21969,PREDICTIVE ANALYTICS,11-10-2020 (FN),1,Student, 03:42, 02:00,Y, 01:55:49, 01:57:10,23
10.131.1.234,234768A8976N1077, 10:01:27,2019mc21965,DESIGN AND OPERATIONS OF DATA CENTRES,17-10-2020 (FN),6,Proctor, 02:09, 04:57,Y, 01:53:26, 01:57:12,23
10.131.1.64,234768A8976N1014, 10:01:26,2019mc21964,DESIGN AND OPERATIONS OF DATA CENTRES,17-10-2020 (FN),6,Proctor, 04:22, 02:39,Y, 01:49:13, 01:58:02,23
10.131.1.112,234768A8976N1211, 10:00:11,2019mc21959,DESIGN AND OPERATIONS OF DATA CENTRES,17-10-2020 (FN),6,Proctor, 02:02, 00:29,Y, 01:47:41, 01:55:37,22
10.131.1.17,234768A8976N1148, 10:01:26,2019mc21958,DESIGN AND OPERATIONS OF DATA CENTRES,17-10-2020 (FN),6,Proctor, 01:47, 04:07,Y, 01:48:45, 01:57:24,25
10.131.1.227,234768A8976N1085, 10:01:32,2019mc21957,DESIGN AND OPERATIONS OF DATA CENTRES,17-10-2020 (FN),0,Null,0,0,null, 01:58:31, 01:58:31,22
10.131.1.57,234768A8976N1022, 10:00:50,2019mc21956,DESIGN AND OPERATIONS OF DATA CENTRES,17-10-2020 (FN),5,Student, 03:53, 01:09,Y, 01:57:29, 01:57:29,21
10.131.1.105,234768A8976N1219, 10:00:38,2019mc21951,DESIGN AND OPERATIONS OF DATA CENTRES,17-10-2020 (FN),0,Null,0,0,null, 02:00:00, 02:00:00,21
10.131.1.162,234768A8976N1156, 10:01:25,2019mc21950,DESIGN AND OPERATIONS OF DATA CENTRES,17-10-2020 (FN),7,Proctor, 02:10, 01:47,Y, 01:58:31, 01:58:31,61
10.131.1.15,234768A8976N1170, 14:00:16,2019mc22000,ADVANCED STATISTICAL METHODS,11-10-2020 (AN),2,Student, 03:33, 03:27,Y, 01:45:55, 01:56:50,24
10.113.1.215,234768A8976N1170, 15:02:12,2019mc22000,ADVANCED STATISTICAL METHODS,11-10-2020 (AN),2,Student, 03:33, 03:27,Y, 01:45:55, 01:56:50,23
10.131.1.5,234768A8976N1030, 10:00:37,2019mc21948,DESIGN AND OPERATIONS OF DATA CENTRES,17-10-2020 (FN),0,Null,0,0,null, 01:59:05, 01:59:05,20
10.131.1.155,234768A8976N1164, 14:00:06,2019mc22006,INFRASTRUCTURE MANAGEMENT,17-10-2020 (AN),0,Null,0,0,null, 01:57:29, 01:57:29,23
10.131.1.212,234768A8976N1101, 14:01:55,2019mc22005,INFRASTRUCTURE MANAGEMENT,17-10-2020 (AN),0,Null,0,0,null, 01:59:46, 01:59:46,21
10.131.1.42,234768A8976N1038, 14:00:33,2019mc22004,INFRASTRUCTURE MANAGEMENT,17-10-2020 (AN),5,Student, 04:16, 01:04,Y, 01:59:46, 01:59:46,25
10.133.10.25,234456GA8976N119, 14:00:37,2019mc22003,INFRASTRUCTURE MANAGEMENT,17-10-2020 (AN),8,Proctor, 00:58, 03:20,Y, 01:56:11, 01:56:11,21
10.131.1.148,234768A8976N1172, 14:01:40,2019mc21998,INFRASTRUCTURE MANAGEMENT,17-10-2020 (AN),0,Null,0,0,null, 01:59:28, 01:59:28,22
10.131.1.205,234768A8976N1109, 14:01:53,2019mc21997,INFRASTRUCTURE MANAGEMENT,17-10-2020 (AN),0,Null,0,0,null, 01:56:15, 01:56:15,22
10.131.1.34,234768A8976N1046, 14:01:28,2019mc21996,INFRASTRUCTURE MANAGEMENT,17-10-2020 (AN),0,Null,0,0,null, 02:00:00, 02:00:00,24
10.131.1.92,234456GA8976N127, 14:01:29,2019mc21995,INFRASTRUCTURE MANAGEMENT,17-10-2020 (AN),5,Student, 04:06, 04:52,Y, 01:56:10, 01:56:10,23
10.131.1.140,234768A8976N1180, 14:00:18,2019mc21990,INFRASTRUCTURE MANAGEMENT,17-10-2020 (AN),0,Null,0,0,null, 01:55:32, 01:55:32,23
10.131.1.207,234768A8976N1107, 14:00:39,2019mc21999,ADVANCED STATISTICAL METHODS,11-10-2020 (AN),1,Student, 04:36, 03:56,Y, 01:55:00, 01:57:48,22
10.113.1.231,234768A8976N1107, 14:00:39,2019mc21999,ADVANCED STATISTICAL METHODS,11-10-2020 (AN),1,Student, 04:36, 03:56,Y, 01:55:00, 01:57:48,22
10.131.1.26,234768A8976N1054, 14:01:14,2019mc21988,INFRASTRUCTURE MANAGEMENT,17-10-2020 (AN),3,Student, 04:49, 00:50,Y, 01:59:17, 01:59:17,21
10.131.1.85,234456GA8976N135, 14:00:52,2019mc21987,INFRASTRUCTURE MANAGEMENT,17-10-2020 (AN),6,Proctor, 00:23, 01:14,Y, 01:45:42, 01:58:12,25
10.131.1.235,234768A8976N1076, 14:01:28,2019mc21966,ADVANCED STATISTICAL METHODS,11-10-2020 (AN),2,Student, 04:50, 04:24,Y, 01:43:34, 01:55:17,21
10.113.1.202,234768A8976N1076, 14:41:38,2019mc21966,ADVANCED STATISTICAL METHODS,11-10-2020 (AN),2,Student, 04:50, 04:24,Y, 01:43:34, 01:55:17,23
10.131.1.190,234768A8976N1125, 14:00:53,2019mc21981,INFRASTRUCTURE MANAGEMENT,17-10-2020 (AN),6,Proctor, 00:06, 01:35,Y, 01:45:58, 01:58:42,24
10.131.1.248,234768A8976N1062, 14:01:01,2019mc21980,INFRASTRUCTURE MANAGEMENT,17-10-2020 (AN),7,Proctor, 02:40, 04:41,Y, 01:58:45, 01:58:45,53
10.131.1.78,234456GA8976N143, 14:00:21,2019mc21979,INFRASTRUCTURE MANAGEMENT,17-10-2020 (AN),6,Proctor, 02:29, 03:00,Y, 01:43:31, 01:59:32,20
10.131.1.126,234768A8976N1196, 14:01:10,2019mc21974,INFRASTRUCTURE MANAGEMENT,17-10-2020 (AN),6,Proctor, 01:10, 01:54,Y, 01:53:22, 01:55:39,23
10.131.1.183,234768A8976N1133, 14:01:04,2019mc21973,INFRASTRUCTURE MANAGEMENT,17-10-2020 (AN),6,Proctor, 01:46, 03:52,Y, 01:45:01, 01:59:51,23
10.131.1.240,234768A8976N1070, 14:00:04,2019mc21972,INFRASTRUCTURE MANAGEMENT,17-10-2020 (AN),3,Student, 02:18, 03:59,Y, 01:59:43, 01:59:43,22
10.131.1.70,234768A8976N1001, 14:01:11,2019mc21971,INFRASTRUCTURE MANAGEMENT,17-10-2020 (AN),6,Proctor, 04:39, 04:36,Y, 01:48:16, 01:57:33,21
10.131.1.119,234768A8976N1204, 14:00:53,2019mc21966,INFRASTRUCTURE MANAGEMENT,17-10-2020 (AN),4,Student, 02:28, 02:53,Y, 01:58:52, 01:58:52,23
10.131.1.176,234768A8976N1141, 14:00:53,2019mc21965,INFRASTRUCTURE MANAGEMENT,17-10-2020 (AN),6,Proctor, 00:40, 03:18,Y, 01:51:24, 01:57:39,24
10.131.1.233,234768A8976N1078, 14:01:29,2019mc21964,INFRASTRUCTURE MANAGEMENT,17-10-2020 (AN),5,Student, 04:16, 00:32,Y, 01:58:27, 01:58:27,20
10.131.1.63,234768A8976N1015, 14:01:19,2019mc21963,INFRASTRUCTURE MANAGEMENT,17-10-2020 (AN),7,Proctor, 02:57, 04:53,Y, 01:59:15, 01:59:15,61
10.131.1.111,234768A8976N1212, 14:01:54,2019mc21958,INFRASTRUCTURE MANAGEMENT,17-10-2020 (AN),8,Proctor, 00:59, 01:04,Y, 01:59:21, 01:59:21,23
10.131.1.169,234768A8976N1149, 14:00:14,2019mc21957,INFRASTRUCTURE MANAGEMENT,17-10-2020 (AN),8,Proctor, 00:51, 00:47,Y, 01:57:48, 01:57:48,21
10.131.1.226,234768A8976N1086, 14:01:31,2019mc21956,INFRASTRUCTURE MANAGEMENT,17-10-2020 (AN),0,Null,0,0,null, 01:56:55, 01:56:55,23
10.131.1.56,234768A8976N1023, 14:01:29,2019mc21955,INFRASTRUCTURE MANAGEMENT,17-10-2020 (AN),8,Proctor, 04:39, 04:31,Y, 01:58:55, 01:58:55,23
10.131.1.104,234768A8976N1220, 14:00:42,2019mc21950,INFRASTRUCTURE MANAGEMENT,17-10-2020 (AN),4,Student, 02:16, 02:34,Y, 02:00:00, 02:00:00,25
10.131.1.161,234768A8976N1157, 14:01:05,2019mc21949,INFRASTRUCTURE MANAGEMENT,17-10-2020 (AN),3,Student, 04:16, 04:50,Y, 01:55:23, 01:55:23,24
10.131.1.219,234768A8976N1094, 14:01:17,2019mc21948,INFRASTRUCTURE MANAGEMENT,17-10-2020 (AN),0,Null,0,0,null, 01:58:01, 01:58:01,21
10.131.1.49,234768A8976N1031, 14:00:36,2019mc21947,INFRASTRUCTURE MANAGEMENT,17-10-2020 (AN),0,Null,0,0,null, 01:59:21, 01:59:21,25
10.130.1.196,234768A8976N1421, 10:01:32,2019mc22005,ADVANCED DRIVER ASSISTANCE SYSTEMS,15-03-2020(FN),6,Proctor, 03:52, 04:38,Y, 01:42:16, 02:00:00,21
10.130.1.253,234768A8976N1358, 10:00:19,2019mc22004,ADVANCED DRIVER ASSISTANCE SYSTEMS,15-03-2020(FN),5,Student, 03:52, 01:16,N, 02:00:00, 02:00:00,21
10.130.1.86,234768A8976N1295, 10:01:01,2019mc22003,ADVANCED DRIVER ASSISTANCE SYSTEMS,15-03-2020(FN),0,Null,0,0,null, 01:55:15, 01:55:15,22
10.130.2.70,234768A8976N1232, 10:00:18,2019mc22002,ADVANCED DRIVER ASSISTANCE SYSTEMS,15-03-2020(FN),8,Proctor, 03:43, 03:59,Y, 01:59:45, 01:59:45,25
10.130.1.189,234768A8976N1429, 10:00:48,2019mc21997,ADVANCED DRIVER ASSISTANCE SYSTEMS,15-03-2020(FN),6,Proctor, 01:40, 03:13,Y, 01:53:15, 01:59:28,20
10.130.1.246,234768A8976N1366, 10:00:50,2019mc21996,ADVANCED DRIVER ASSISTANCE SYSTEMS,15-03-2020(FN),5,Student, 01:26, 02:06,N, 01:59:27, 01:59:27,21
10.130.1.78,234768A8976N1303, 10:00:54,2019mc21995,ADVANCED DRIVER ASSISTANCE SYSTEMS,15-03-2020(FN),0,Null,0,0,null, 01:58:26, 01:58:26,21
10.130.2.62,234768A8976N1240, 10:00:09,2019mc21994,ADVANCED DRIVER ASSISTANCE SYSTEMS,15-03-2020(FN),6,Proctor, 00:45, 01:36,Y, 01:53:57, 01:59:18,21
10.130.1.181,234768A8976N1437, 10:01:26,2019mc21989,ADVANCED DRIVER ASSISTANCE SYSTEMS,15-03-2020(FN),7,Proctor, 03:27, 01:22,Y, 02:00:00, 02:00:00,54
10.131.1.50,234768A8976N1029, 14:00:43,2019mc21949,ADVANCED STATISTICAL METHODS,11-10-2020 (AN),1,Student, 04:48, 03:42,Y, 01:57:34, 01:59:53,22
10.113.1.50,234768A8976N1029, 14:00:43,2019mc21949,ADVANCED STATISTICAL METHODS,11-10-2020 (AN),1,Student, 04:48, 03:42,Y, 01:57:34, 01:59:53,22
10.130.1.70,234768A8976N1311, 10:01:07,2019mc21987,ADVANCED DRIVER ASSISTANCE SYSTEMS,15-03-2020(FN),5,Student, 03:46, 00:29,N, 01:57:34, 01:57:34,21
10.130.2.54,234768A8976N1248, 10:01:43,2019mc21986,ADVANCED DRIVER ASSISTANCE SYSTEMS,15-03-2020(FN),0,Null,0,0,null, 01:58:26, 01:58:26,20
10.130.1.174,234768A8976N1445, 10:01:02,2019mc21981,ADVANCED DRIVER ASSISTANCE SYSTEMS,15-03-2020(FN),6,Proctor, 02:03, 03:17,Y, 01:51:50, 01:58:11,22
10.131.1.38,234768A8976N1042, 14:01:10,2019mc22000,ADVANCED FINANCIAL MODELLING,10-10-2020 (AN),1,Student, 02:38, 03:35,Y, 01:56:57, 01:57:59,20
10.113.1.65,234768A8976N1042, 14:01:10,2019mc22000,ADVANCED FINANCIAL MODELLING,10-10-2020 (AN),1,Student, 02:38, 03:35,Y, 01:56:57, 01:57:59,20
10.130.1.62,234768A8976N1319, 10:00:47,2019mc21979,ADVANCED DRIVER ASSISTANCE SYSTEMS,15-03-2020(FN),5,Student, 03:56, 02:01,N, 01:55:38, 01:55:38,23
10.130.2.46,234768A8976N1256, 10:00:27,2019mc21978,ADVANCED DRIVER ASSISTANCE SYSTEMS,15-03-2020(FN),0,Null,0,0,null, 01:56:53, 01:56:53,24
10.130.1.167,234768A8976N1453, 10:00:26,2019mc21973,ADVANCED DRIVER ASSISTANCE SYSTEMS,15-03-2020(FN),6,Proctor, 02:10, 01:29,Y, 01:51:56, 01:58:33,21
10.130.1.224,234768A8976N1390, 10:00:26,2019mc21972,ADVANCED DRIVER ASSISTANCE SYSTEMS,15-03-2020(FN),3,Student, 03:40, 02:49,Y, 02:00:00, 02:00:00,24
10.130.1.54,234768A8976N1327, 10:01:33,2019mc21971,ADVANCED DRIVER ASSISTANCE SYSTEMS,15-03-2020(FN),8,Proctor, 04:17, 03:57,Y, 01:55:07, 01:55:07,24
10.130.2.38,234768A8976N1264, 10:01:58,2019mc21970,ADVANCED DRIVER ASSISTANCE SYSTEMS,15-03-2020(FN),0,Null,0,0,null, 02:00:00, 02:00:00,22
10.130.1.16,234768A8976N1461, 10:01:55,2019mc21965,ADVANCED DRIVER ASSISTANCE SYSTEMS,15-03-2020(FN),6,Proctor, 04:05, 01:24,Y, 01:48:30, 01:59:58,22
10.130.1.217,234768A8976N1398, 10:01:16,2019mc21964,ADVANCED DRIVER ASSISTANCE SYSTEMS,15-03-2020(FN),0,Null,0,0,null, 01:59:09, 01:59:09,22
10.131.1.108,234768A8976N1216, 14:00:09,2019mc21954,ADVANCED FINANCIAL MODELLING,10-10-2020 (AN),1,Student, 02:26, 03:17,Y, 01:53:54, 01:55:50,23
10.113.1.123,234768A8976N1216, 14:00:09,2019mc21954,ADVANCED FINANCIAL MODELLING,10-10-2020 (AN),1,Student, 02:26, 03:17,Y, 01:53:54, 01:55:50,23
10.130.2.30,234768A8976N1272, 10:01:12,2019mc21962,ADVANCED DRIVER ASSISTANCE SYSTEMS,15-03-2020(FN),4,Student, 03:45, 01:56,N, 01:58:26, 01:58:26,20
10.130.1.152,234768A8976N1469, 10:01:24,2019mc21957,ADVANCED DRIVER ASSISTANCE SYSTEMS,15-03-2020(FN),0,Null,0,0,null, 01:58:28, 01:58:28,21
10.130.1.21,234768A8976N1406, 10:00:24,2019mc21956,ADVANCED DRIVER ASSISTANCE SYSTEMS,15-03-2020(FN),0,Null,0,0,null, 02:00:00, 02:00:00,23
10.130.1.38,234768A8976N1343, 10:00:04,2019mc21955,ADVANCED DRIVER ASSISTANCE SYSTEMS,15-03-2020(FN),6,Proctor, 01:47, 02:35,Y, 01:48:28, 01:56:43,25
10.130.2.57,234768A8976N1245, 14:01:32,2019mc21989,MECHANICAL TECHNOLOGY,08-03-2020 (AN),1,Student, 02:49, 04:51,Y, 01:56:56, 01:58:33,20
10.113.1.254,234768A8976N1245, 14:01:32,2019mc21989,MECHANICAL TECHNOLOGY,08-03-2020 (AN),1,Student, 02:49, 04:51,Y, 01:56:56, 01:58:33,20
10.130.2.44,234768A8976N1258, 10:00:03,2019mc21976,ENVIRONMENTAL CHEMISTRY  ,07-03-2020 (FN),2,Student, 04:32, 01:36,N, 01:43:15, 01:59:21,25
10.131.1.21,NULL,NULL,2019mc21976,ENVIRONMENTAL CHEMISTRY  ,07-03-2020 (FN),2,Student, 04:32, 01:36,N, 01:43:15, 01:59:21,NULL
10.130.1.145,234768A8976N1477, 10:00:36,2019mc21949,ADVANCED DRIVER ASSISTANCE SYSTEMS,15-03-2020(FN),7,Proctor, 04:08, 04:24,N, 01:58:19, 01:58:19,62
10.130.1.202,234768A8976N1414, 10:00:33,2019mc21948,ADVANCED DRIVER ASSISTANCE SYSTEMS,15-03-2020(FN),5,Student, 02:52, 02:35,N, 02:00:00, 02:00:00,20
10.130.1.30,234768A8976N1351, 10:01:59,2019mc21947,ADVANCED DRIVER ASSISTANCE SYSTEMS,15-03-2020(FN),0,Null,0,0,null, 01:58:02, 01:58:02,22
10.130.1.93,234768A8976N1288, 10:01:12,2019mc21946,ADVANCED DRIVER ASSISTANCE SYSTEMS,15-03-2020(FN),3,Student, 05:00, 04:18,Y, 01:55:23, 01:55:23,22
10.130.1.195,234768A8976N1422, 14:01:52,2019mc22004,MATERIALS MANAGEMENT,15-03-2020(AN),0,Null,0,0,null, 02:00:00, 02:00:00,23
10.130.1.252,234768A8976N1359, 14:01:53,2019mc22003,MATERIALS MANAGEMENT,15-03-2020(AN),8,Proctor, 03:02, 02:11,Y, 01:59:09, 01:59:09,23
10.130.1.85,234768A8976N1296, 14:00:03,2019mc22002,MATERIALS MANAGEMENT,15-03-2020(AN),0,Null,0,0,null, 01:55:41, 01:55:41,23
10.130.2.69,234768A8976N1233, 14:01:12,2019mc22001,MATERIALS MANAGEMENT,15-03-2020(AN),0,Null,0,0,null, 01:55:48, 01:55:48,25
10.130.1.188,234768A8976N1430, 14:00:04,2019mc21996,MATERIALS MANAGEMENT,15-03-2020(AN),8,Proctor, 00:26, 03:02,Y, 01:58:27, 01:58:27,24
10.130.1.245,234768A8976N1367, 14:00:06,2019mc21995,MATERIALS MANAGEMENT,15-03-2020(AN),5,Student, 00:58, 03:07,Y, 01:58:19, 01:58:19,24
10.130.1.77,234768A8976N1304, 14:01:42,2019mc21994,MATERIALS MANAGEMENT,15-03-2020(AN),0,Null,0,0,null, 01:57:11, 01:57:11,22
10.130.1.215,234768A8976N1400, 10:00:22,2019mc21962,ENVIRONMENTAL CHEMISTRY  ,07-03-2020 (FN),1,Student, 04:58, 04:01,Y, 01:58:30, 01:59:58,22
10.131.2.222,234768A8976N1400, 10:00:22,2019mc21962,ENVIRONMENTAL CHEMISTRY  ,07-03-2020 (FN),1,Student, 04:58, 04:01,Y, 01:58:30, 01:59:58,22
10.130.1.91,234768A8976N1290, 14:01:22,2019mc22008,OPTICAL COMMUNICATION,07-03-2020 (AN),1,Student, 04:26, 00:49,Y, 01:57:16, 02:00:00,24
10.113.0.116,234768A8976N1290, 14:01:22,2019mc22008,OPTICAL COMMUNICATION,07-03-2020 (AN),1,Student, 04:26, 00:49,Y, 01:57:16, 02:00:00,24
10.130.1.238,234768A8976N1375, 14:01:24,2019mc21987,MATERIALS MANAGEMENT,15-03-2020(AN),0,Null,0,0,null, 01:57:45, 01:57:45,23
10.130.1.69,234768A8976N1312, 14:00:50,2019mc21986,MATERIALS MANAGEMENT,15-03-2020(AN),5,Student, 04:27, 00:37,Y, 01:57:44, 01:57:44,22
10.130.2.53,234768A8976N1249, 14:00:05,2019mc21985,MATERIALS MANAGEMENT,15-03-2020(AN),6,Proctor, 04:54, 04:23,Y, 01:45:38, 01:58:47,24
10.131.1.14,234768A8976N1181, 10:01:05,2019mc21989,NETWORK EMBEDDED APPLICATIONS,18-10-2020 (FN),2,Student,0, 03:00,Y, 01:58:39, 01:58:39,24
10.131.1.14,234768A8976N1181, 10:01:05,2019mc21989,NETWORK EMBEDDED APPLICATIONS,18-10-2020 (FN),2,Student,0, 03:00,Y, 01:58:39, 01:58:39,24
10.130.1.230,234768A8976N1383, 14:01:27,2019mc21979,MATERIALS MANAGEMENT,15-03-2020(AN),6,Proctor, 03:00, 02:56,Y, 01:41:04, 01:57:39,20
10.130.1.61,234768A8976N1320, 14:01:30,2019mc21978,MATERIALS MANAGEMENT,15-03-2020(AN),6,Proctor, 00:47, 03:32,Y, 01:51:46, 01:55:19,23
10.130.2.45,234768A8976N1257, 14:00:54,2019mc21977,MATERIALS MANAGEMENT,15-03-2020(AN),6,Proctor, 04:43, 01:51,Y, 01:45:46, 01:56:48,22
10.130.1.166,234768A8976N1454, 14:01:45,2019mc21972,MATERIALS MANAGEMENT,15-03-2020(AN),7,Proctor, 04:04, 00:40,Y, 01:56:44, 01:56:44,62
10.130.1.223,234768A8976N1391, 14:00:40,2019mc21971,MATERIALS MANAGEMENT,15-03-2020(AN),6,Proctor, 03:23, 00:27,Y, 01:40:05, 01:55:16,24
10.130.1.53,234768A8976N1328, 14:00:05,2019mc21970,MATERIALS MANAGEMENT,15-03-2020(AN),6,Proctor, 03:27, 02:43,Y, 01:51:12, 01:59:57,25
10.131.1.182,234768A8976N1134, 10:00:08,2019mc21972,NETWORK EMBEDDED APPLICATIONS,18-10-2020 (FN),1,Student,0, 01:55,Y, 02:00:00, 02:00:00,22
10.131.1.182,234768A8976N1134, 10:00:08,2019mc21972,NETWORK EMBEDDED APPLICATIONS,18-10-2020 (FN),1,Student,0, 01:55,Y, 02:00:00, 02:00:00,22
10.130.1.159,234768A8976N1462, 14:00:19,2019mc21964,MATERIALS MANAGEMENT,15-03-2020(AN),6,Proctor, 03:02, 03:52,Y, 01:46:01, 01:59:34,22
10.130.1.216,234768A8976N1399, 14:01:13,2019mc21963,MATERIALS MANAGEMENT,15-03-2020(AN),3,Student, 04:45, 02:32,Y, 01:56:46, 01:56:46,20
10.131.1.62,234768A8976N1016, 10:00:58,2019mc21962,NETWORK EMBEDDED APPLICATIONS,18-10-2020 (FN),2,Student, 03:47, 01:57,N, 01:41:04, 02:00:00,24
10.101.2.156,NULL,NULL,2019mc21962,NETWORK EMBEDDED APPLICATIONS,18-10-2020 (FN),2,Student, 03:47, 01:57,N, 01:41:04, 02:00:00,NULL
10.131.1.124,234768A8976N1198, 14:00:14,2019mc21972,FINITE ELEMENT METHODS,18-10-2020 (AN),1,Student, 03:36, 03:26,Y, 01:56:44, 01:56:44,23
10.131.1.124,234768A8976N1198, 14:00:14,2019mc21972,FINITE ELEMENT METHODS,18-10-2020 (AN),1,Student, 03:36, 03:26,Y, 01:56:44, 01:56:44,23
10.130.1.151,234768A8976N1470, 14:01:40,2019mc21956,MATERIALS MANAGEMENT,15-03-2020(AN),0,Null,0,0,null, 01:59:55, 01:59:55,22
10.130.1.209,234768A8976N1407, 14:00:13,2019mc21955,MATERIALS MANAGEMENT,15-03-2020(AN),8,Proctor, 04:48, 03:23,Y, 01:59:51, 01:59:51,25
10.130.1.37,234768A8976N1344, 14:00:03,2019mc21954,MATERIALS MANAGEMENT,15-03-2020(AN),3,Student, 03:00, 03:40,Y, 01:58:41, 01:58:41,23
10.130.2.21,234768A8976N1281, 14:00:24,2019mc21953,MATERIALS MANAGEMENT,15-03-2020(AN),8,Proctor, 00:16, 00:47,Y, 01:58:39, 01:58:39,21
10.130.1.144,234768A8976N1478, 14:00:01,2019mc21948,MATERIALS MANAGEMENT,15-03-2020(AN),0,Null,0,0,null, 01:57:59, 01:57:59,20
10.130.1.201,234768A8976N1415, 14:01:21,2019mc21947,MATERIALS MANAGEMENT,15-03-2020(AN),5,Student, 00:18, 02:58,Y, 01:57:24, 01:57:24,24
10.131.1.174,234768A8976N1143, 14:01:28,2019mc21963,FINITE ELEMENT METHODS,18-10-2020 (AN),2,Student,0, 01:27,Y, 02:00:00, 02:00:00,23
10.131.1.174,234768A8976N1143, 14:01:28,2019mc21963,FINITE ELEMENT METHODS,18-10-2020 (AN),2,Student,0, 01:27,Y, 02:00:00, 02:00:00,23
10.130.1.92,234768A8976N1289, 14:00:18,2019mc21945,MATERIALS MANAGEMENT,15-03-2020(AN),0,Null,0,0,null, 02:00:00, 02:00:00,24
10.130.1.198,234768A8976N1419, 10:01:53,2019mc22007,SOFTWARE FOR EMBEDDED SYSTEMS,14-03-2020(FN),0,Null,0,0,null, 02:00:00, 02:00:00,22
10.130.1.255,234768A8976N1356, 10:01:21,2019mc22006,SOFTWARE FOR EMBEDDED SYSTEMS,14-03-2020(FN),0,Null,0,0,null, 01:59:00, 01:59:00,20
10.130.1.88,234768A8976N1293, 10:01:07,2019mc22005,SOFTWARE FOR EMBEDDED SYSTEMS,14-03-2020(FN),0,Null,0,0,null, 01:59:01, 01:59:01,22
10.130.2.72,234768A8976N1230, 10:01:46,2019mc22004,SOFTWARE FOR EMBEDDED SYSTEMS,14-03-2020(FN),0,Null,0,0,null, 01:58:09, 01:58:09,21
10.130.1.190,234768A8976N1427, 10:01:48,2019mc21999,SOFTWARE FOR EMBEDDED SYSTEMS,14-03-2020(FN),3,Student, 03:31, 04:46,Y, 01:59:43, 01:59:43,20
10.130.1.248,234768A8976N1364, 10:00:00,2019mc21998,SOFTWARE FOR EMBEDDED SYSTEMS,14-03-2020(FN),0,Null,0,0,null, 01:56:43, 01:56:43,23
10.130.1.80,234768A8976N1301, 10:01:24,2019mc21997,SOFTWARE FOR EMBEDDED SYSTEMS,14-03-2020(FN),8,Proctor, 04:21, 00:49,Y, 02:00:00, 02:00:00,24
10.130.2.64,234768A8976N1238, 10:00:17,2019mc21996,SOFTWARE FOR EMBEDDED SYSTEMS,14-03-2020(FN),0,Null,0,0,null, 01:56:27, 01:56:27,24
10.130.1.183,234768A8976N1435, 10:01:23,2019mc21991,SOFTWARE FOR EMBEDDED SYSTEMS,14-03-2020(FN),0,Null,0,0,null, 02:00:00, 02:00:00,23
10.130.1.240,234768A8976N1372, 10:01:44,2019mc21990,SOFTWARE FOR EMBEDDED SYSTEMS,14-03-2020(FN),8,Proctor, 02:19, 04:08,Y, 02:00:00, 02:00:00,21
10.131.1.217,234768A8976N1096, 14:00:27,2019mc21946,FINITE ELEMENT METHODS,18-10-2020 (AN),2,Student, 05:01, 03:19,Y, 01:57:24, 01:57:24,20
10.131.1.217,234768A8976N1096, 14:00:27,2019mc21946,FINITE ELEMENT METHODS,18-10-2020 (AN),2,Student, 05:01, 03:19,Y, 01:57:24, 01:57:24,20
10.131.1.149,234768A8976N1171, 10:01:37,2019mc21999,DESIGN AND OPERATIONS OF DATA CENTRES,17-10-2020 (FN),2,Student, 04:48, 02:01,Y, 01:56:53, 01:56:53,24
10.131.1.149,234768A8976N1171, 10:01:37,2019mc21999,DESIGN AND OPERATIONS OF DATA CENTRES,17-10-2020 (FN),2,Student, 04:48, 02:01,Y, 01:56:53, 01:56:53,24
10.130.1.176,234768A8976N1443, 10:00:31,2019mc21983,SOFTWARE FOR EMBEDDED SYSTEMS,14-03-2020(FN),7,Proctor, 03:38, 04:53,Y, 02:00:00, 02:00:00,58
10.130.1.233,234768A8976N1380, 10:00:14,2019mc21982,SOFTWARE FOR EMBEDDED SYSTEMS,14-03-2020(FN),3,Student, 04:16, 00:46,N, 01:55:23, 01:55:23,22
10.130.1.64,234768A8976N1317, 10:01:33,2019mc21981,SOFTWARE FOR EMBEDDED SYSTEMS,14-03-2020(FN),6,Proctor, 03:28, 03:37,Y, 01:40:52, 01:56:56,20
10.131.1.134,234768A8976N1187, 10:00:26,2019mc21983,DESIGN AND OPERATIONS OF DATA CENTRES,17-10-2020 (FN),1,Student, 04:00, 03:56,Y, 01:55:15, 01:55:15,22
10.131.1.134,234768A8976N1187, 10:00:26,2019mc21983,DESIGN AND OPERATIONS OF DATA CENTRES,17-10-2020 (FN),1,Student, 04:00, 03:56,Y, 01:55:15, 01:55:15,22
10.130.1.169,234768A8976N1451, 10:01:15,2019mc21975,SOFTWARE FOR EMBEDDED SYSTEMS,14-03-2020(FN),6,Proctor, 00:32, 04:58,Y, 01:46:19, 01:57:54,22
10.130.1.226,234768A8976N1388, 10:01:34,2019mc21974,SOFTWARE FOR EMBEDDED SYSTEMS,14-03-2020(FN),6,Proctor, 03:54, 03:21,Y, 01:48:21, 01:59:42,21
10.130.1.56,234768A8976N1325, 10:01:33,2019mc21973,SOFTWARE FOR EMBEDDED SYSTEMS,14-03-2020(FN),6,Proctor, 00:59, 02:01,Y, 01:49:04, 01:57:47,24
10.130.2.40,234768A8976N1262, 10:00:37,2019mc21972,SOFTWARE FOR EMBEDDED SYSTEMS,14-03-2020(FN),7,Proctor, 04:55, 03:25,Y, 02:00:00, 02:00:00,62
10.130.1.161,234768A8976N1459, 10:01:38,2019mc21967,SOFTWARE FOR EMBEDDED SYSTEMS,14-03-2020(FN),8,Proctor, 02:40, 00:55,Y, 02:00:00, 02:00:00,23
10.130.1.219,234768A8976N1396, 10:01:00,2019mc21966,SOFTWARE FOR EMBEDDED SYSTEMS,14-03-2020(FN),4,Student, 04:08, 00:12,N, 01:58:28, 01:58:28,21
10.130.1.48,234768A8976N1333, 10:00:56,2019mc21965,SOFTWARE FOR EMBEDDED SYSTEMS,14-03-2020(FN),8,Proctor, 04:18, 01:07,Y, 02:00:00, 02:00:00,25
10.130.2.32,234768A8976N1270, 10:01:39,2019mc21964,SOFTWARE FOR EMBEDDED SYSTEMS,14-03-2020(FN),6,Proctor, 03:30, 02:32,Y, 01:49:55, 01:57:42,21
10.130.1.154,234768A8976N1467, 10:00:44,2019mc21959,SOFTWARE FOR EMBEDDED SYSTEMS,14-03-2020(FN),6,Proctor, 02:43, 02:50,Y, 01:43:53, 01:57:48,25
10.130.1.211,234768A8976N1404, 10:01:07,2019mc21958,SOFTWARE FOR EMBEDDED SYSTEMS,14-03-2020(FN),6,Proctor, 01:57, 03:27,Y, 01:44:06, 01:58:53,20
10.130.1.40,234768A8976N1341, 10:00:56,2019mc21957,SOFTWARE FOR EMBEDDED SYSTEMS,14-03-2020(FN),0,Null,0,0,null, 01:55:14, 01:55:14,24
10.130.2.24,234768A8976N1278, 10:00:04,2019mc21956,SOFTWARE FOR EMBEDDED SYSTEMS,14-03-2020(FN),0,Null,0,0,null, 01:55:15, 01:55:15,25
10.130.1.147,234768A8976N1475, 10:00:27,2019mc21951,SOFTWARE FOR EMBEDDED SYSTEMS,14-03-2020(FN),0,Null,0,0,null, 02:00:00, 02:00:00,20
10.131.1.191,234768A8976N1124, 10:00:56,2019mc21982,DESIGN AND OPERATIONS OF DATA CENTRES,17-10-2020 (FN),2,Student, 04:31, 01:48,Y, 02:00:00, 02:00:00,24
10.131.1.191,234768A8976N1124, 10:00:56,2019mc21982,DESIGN AND OPERATIONS OF DATA CENTRES,17-10-2020 (FN),2,Student, 04:31, 01:48,Y, 02:00:00, 02:00:00,24
10.130.1.32,234768A8976N1349, 10:00:51,2019mc21949,SOFTWARE FOR EMBEDDED SYSTEMS,14-03-2020(FN),3,Student, 04:34, 03:20,N, 02:00:00, 02:00:00,23
10.130.1.95,234768A8976N1286, 10:01:04,2019mc21948,SOFTWARE FOR EMBEDDED SYSTEMS,14-03-2020(FN),0,Null,0,0,null, 02:00:00, 02:00:00,20
10.130.1.197,234768A8976N1420, 14:00:15,2019mc22006,INFORMATION RETRIEVAL ,14-03-2020(AN),8,Proctor, 00:56, 04:46,Y, 01:55:56, 01:55:56,23
10.130.1.254,234768A8976N1357, 14:00:35,2019mc22005,INFORMATION RETRIEVAL ,14-03-2020(AN),0,Null,0,0,null, 01:59:51, 01:59:51,21
10.130.1.87,234768A8976N1294, 14:00:58,2019mc22004,INFORMATION RETRIEVAL ,14-03-2020(AN),0,Null,0,0,null, 01:58:39, 01:58:39,21
10.130.2.71,234768A8976N1231, 14:00:31,2019mc22003,INFORMATION RETRIEVAL ,14-03-2020(AN),0,Null,0,0,null, 02:00:00, 02:00:00,24
10.130.1.19,234768A8976N1428, 14:00:18,2019mc21998,INFORMATION RETRIEVAL ,14-03-2020(AN),0,Null,0,0,null, 01:56:56, 01:56:56,23
10.130.1.247,234768A8976N1365, 14:00:15,2019mc21997,INFORMATION RETRIEVAL ,14-03-2020(AN),6,Proctor, 01:12, 00:16,Y, 01:49:34, 01:55:17,21
10.130.1.79,234768A8976N1302, 14:00:45,2019mc21996,INFORMATION RETRIEVAL ,14-03-2020(AN),6,Proctor, 02:37, 02:36,Y, 01:40:05, 01:59:03,21
10.130.2.63,234768A8976N1239, 14:00:39,2019mc21995,INFORMATION RETRIEVAL ,14-03-2020(AN),8,Proctor, 01:35, 02:16,Y, 01:56:07, 01:56:07,24
10.130.1.182,234768A8976N1436, 14:01:20,2019mc21990,INFORMATION RETRIEVAL ,14-03-2020(AN),5,Student, 00:39, 01:06,Y, 01:59:52, 01:59:52,22
10.130.1.24,234768A8976N1373, 14:01:41,2019mc21989,INFORMATION RETRIEVAL ,14-03-2020(AN),3,Student, 02:01, 00:52,Y, 01:58:02, 01:58:02,25
10.131.1.177,234768A8976N1140, 10:01:40,2019mc21966,DESIGN AND OPERATIONS OF DATA CENTRES,17-10-2020 (FN),2,Student, 03:47, 03:03,N, 01:31:24, 02:00:00,24
10.113.1.143,NULL,NULL,2019mc21966,DESIGN AND OPERATIONS OF DATA CENTRES,17-10-2020 (FN),2,Student, 03:47, 03:03,N, 01:31:24, 02:00:00,NULL
10.130.2.55,234768A8976N1247, 14:01:11,2019mc21987,INFORMATION RETRIEVAL ,14-03-2020(AN),8,Proctor, 01:48, 00:11,Y, 01:56:07, 01:56:07,22
10.130.1.175,234768A8976N1444, 14:01:38,2019mc21982,INFORMATION RETRIEVAL ,14-03-2020(AN),7,Proctor, 04:03, 03:01,Y, 01:58:28, 01:58:28,64
10.130.1.232,234768A8976N1381, 14:00:53,2019mc21981,INFORMATION RETRIEVAL ,14-03-2020(AN),8,Proctor, 00:54, 00:56,Y, 01:57:19, 01:57:19,22
10.131.1.22,234768A8976N1093, 10:01:54,2019mc21949,DESIGN AND OPERATIONS OF DATA CENTRES,17-10-2020 (FN),1,Student, 03:49, 02:59,Y, 01:40:12, 01:56:01,25
10.113.1.202,234768A8976N1093, 10:01:54,2019mc21949,DESIGN AND OPERATIONS OF DATA CENTRES,17-10-2020 (FN),1,Student, 03:49, 02:59,Y, 01:40:12, 01:56:01,25
10.130.2.47,234768A8976N1255, 14:01:30,2019mc21979,INFORMATION RETRIEVAL ,14-03-2020(AN),8,Proctor, 03:19, 03:41,Y, 01:58:50, 01:58:50,23
10.130.1.168,234768A8976N1452, 14:01:52,2019mc21974,INFORMATION RETRIEVAL ,14-03-2020(AN),8,Proctor, 00:07, 00:45,Y, 01:57:55, 01:57:55,24
10.130.1.225,234768A8976N1389, 14:01:55,2019mc21973,INFORMATION RETRIEVAL ,14-03-2020(AN),8,Proctor, 02:02, 01:21,Y, 01:55:45, 01:55:45,22
10.130.1.239,234768A8976N1374, 10:01:49,2019mc21988,ADVANCED DRIVER ASSISTANCE SYSTEMS,15-03-2020(FN),2,Student,0, 01:29,Y, 01:58:28, 01:58:28,23
10.130.1.239,234768A8976N1374, 10:01:49,2019mc21988,ADVANCED DRIVER ASSISTANCE SYSTEMS,15-03-2020(FN),2,Student,0, 01:29,Y, 01:58:28, 01:58:28,23
10.130.2.39,234768A8976N1263, 14:01:52,2019mc21971,INFORMATION RETRIEVAL ,14-03-2020(AN),6,Proctor, 01:18, 03:40,Y, 01:49:55, 01:56:50,24
10.130.1.46,234768A8976N1335, 10:00:36,2019mc21963,ADVANCED DRIVER ASSISTANCE SYSTEMS,15-03-2020(FN),1,Student, 02:13, 04:22,Y, 01:56:46, 01:56:46,20
10.130.1.46,234768A8976N1335, 10:00:36,2019mc21963,ADVANCED DRIVER ASSISTANCE SYSTEMS,15-03-2020(FN),1,Student, 02:13, 04:22,Y, 01:56:46, 01:56:46,20
10.130.1.218,234768A8976N1397, 14:01:59,2019mc21965,INFORMATION RETRIEVAL ,14-03-2020(AN),6,Proctor, 01:31, 00:45,Y, 01:49:34, 01:59:24,23
10.130.1.47,234768A8976N1334, 14:00:18,2019mc21964,INFORMATION RETRIEVAL ,14-03-2020(AN),6,Proctor, 01:23, 03:15,Y, 01:44:03, 01:56:12,23
10.130.1.145,234768A8976N1477, 10:00:36,2019mc21949,ADVANCED DRIVER ASSISTANCE SYSTEMS,15-03-2020(FN),1,Student, 05:01, 03:37,Y, 01:59:43, 01:59:43,22
10.130.1.145,234768A8976N1477, 10:00:36,2019mc21949,ADVANCED DRIVER ASSISTANCE SYSTEMS,15-03-2020(FN),1,Student, 05:01, 03:37,Y, 01:59:43, 01:59:43,22
10.130.1.153,234768A8976N1468, 14:01:37,2019mc21958,INFORMATION RETRIEVAL ,14-03-2020(AN),8,Proctor, 03:25, 01:36,Y, 01:59:28, 01:59:28,24
10.130.1.210,234768A8976N1405, 14:01:04,2019mc21957,INFORMATION RETRIEVAL ,14-03-2020(AN),8,Proctor, 04:59, 04:56,Y, 01:57:20, 01:57:20,23
10.130.1.39,234768A8976N1342, 14:00:17,2019mc21956,INFORMATION RETRIEVAL ,14-03-2020(AN),5,Student, 03:52, 02:12,Y, 01:56:13, 01:56:13,25
10.130.2.23,234768A8976N1279, 14:01:28,2019mc21955,INFORMATION RETRIEVAL ,14-03-2020(AN),0,Null,0,0,null, 02:00:00, 02:00:00,22
10.130.2.61,234768A8976N1241, 14:01:06,2019mc21993,MATERIALS MANAGEMENT,15-03-2020(AN),2,Student, 02:22, 03:59,Y, 02:00:00, 02:00:00,24
10.130.2.61,234768A8976N1241, 14:01:06,2019mc21993,MATERIALS MANAGEMENT,15-03-2020(AN),2,Student, 02:22, 03:59,Y, 02:00:00, 02:00:00,24
10.130.1.203,234768A8976N1413, 14:00:02,2019mc21949,INFORMATION RETRIEVAL ,14-03-2020(AN),7,Proctor, 05:01, 04:16,Y, 01:55:15, 01:55:15,55
10.130.1.31,234768A8976N1350, 14:00:38,2019mc21948,INFORMATION RETRIEVAL ,14-03-2020(AN),5,Student, 00:34, 00:09,Y, 01:58:28, 01:58:28,21
10.130.1.94,234768A8976N1287, 14:00:31,2019mc21947,INFORMATION RETRIEVAL ,14-03-2020(AN),0,Null,0,0,null, 01:56:55, 01:56:55,25
10.131.1.215,234768A8976N1098, 10:01:50,2019mc22008,PREDICTIVE ANALYTICS,11-10-2020 (FN),3,Student, 03:53, 02:31,Y, 01:56:53, 01:56:53,24
10.131.1.45,234768A8976N1035, 10:00:11,2019mc22007,PREDICTIVE ANALYTICS,11-10-2020 (FN),6,Proctor, 00:21, 01:41,Y, 01:44:23, 01:59:33,20
10.133.10.22,234456GA8976N116, 10:01:14,2019mc22006,PREDICTIVE ANALYTICS,11-10-2020 (FN),0,Null,0,0,null, 01:55:30, 01:55:30,22
10.131.1.150,234768A8976N1169, 10:00:52,2019mc22001,PREDICTIVE ANALYTICS,11-10-2020 (FN),0,Null,0,0,null, 01:55:17, 01:55:17,24
10.131.1.208,234768A8976N1106, 10:00:12,2019mc22000,PREDICTIVE ANALYTICS,11-10-2020 (FN),4,Student, 03:23, 00:19,Y, 01:58:26, 01:58:26,23
10.131.1.37,234768A8976N1043, 10:01:14,2019mc21999,PREDICTIVE ANALYTICS,11-10-2020 (FN),3,Student, 04:19, 04:52,N, 01:58:26, 01:58:26,24
10.131.1.95,234456GA8976N124, 10:01:48,2019mc21998,PREDICTIVE ANALYTICS,11-10-2020 (FN),5,Student, 00:23, 01:22,N, 01:59:08, 01:59:08,23
10.131.1.143,234768A8976N1177, 10:00:13,2019mc21993,PREDICTIVE ANALYTICS,11-10-2020 (FN),7,Proctor, 04:59, 00:36,Y, 01:56:06, 01:56:06,54
10.131.1.200,234768A8976N1114, 10:00:06,2019mc21992,PREDICTIVE ANALYTICS,11-10-2020 (FN),6,Proctor, 04:39, 01:25,Y, 01:43:57, 01:57:53,21
10.131.1.29,234768A8976N1051, 10:00:53,2019mc21991,PREDICTIVE ANALYTICS,11-10-2020 (FN),6,Proctor, 01:40, 00:07,Y, 01:53:35, 01:59:29,25
10.131.1.88,234456GA8976N132, 10:00:01,2019mc21990,PREDICTIVE ANALYTICS,11-10-2020 (FN),6,Proctor, 00:27, 03:03,Y, 01:51:58, 01:57:12,21
10.131.1.136,234768A8976N1185, 10:01:49,2019mc21985,PREDICTIVE ANALYTICS,11-10-2020 (FN),5,Student, 04:48, 02:41,N, 01:56:29, 01:56:29,25
10.131.1.193,234768A8976N1122, 10:01:06,2019mc21984,PREDICTIVE ANALYTICS,11-10-2020 (FN),6,Proctor, 04:29, 04:21,Y, 01:50:05, 01:59:58,22
10.130.1.180,234768A8976N1438, 14:00:10,2019mc21988,MATERIALS MANAGEMENT,15-03-2020(AN),1,Student, 04:58, 01:02,Y, 02:00:00, 02:00:00,24
10.130.1.180,234768A8976N1438, 14:00:10,2019mc21988,MATERIALS MANAGEMENT,15-03-2020(AN),1,Student, 04:58, 01:02,Y, 02:00:00, 02:00:00,24
10.131.1.80,234456GA8976N140, 10:01:36,2019mc21982,PREDICTIVE ANALYTICS,11-10-2020 (FN),4,Student, 04:58, 04:01,Y, 02:00:00, 02:00:00,20
10.131.1.129,234768A8976N1193, 10:00:21,2019mc21977,PREDICTIVE ANALYTICS,11-10-2020 (FN),6,Proctor, 01:10, 00:21,Y, 01:49:04, 01:56:04,22
10.131.1.186,234768A8976N1130, 10:01:20,2019mc21976,PREDICTIVE ANALYTICS,11-10-2020 (FN),3,Student, 04:52, 02:00,Y, 01:58:31, 01:58:31,21
10.131.1.243,234768A8976N1067, 10:00:49,2019mc21975,PREDICTIVE ANALYTICS,11-10-2020 (FN),5,Student, 03:24, 01:22,N, 01:55:33, 01:55:33,23
10.131.1.73,234456GA8976N148, 10:01:41,2019mc21974,PREDICTIVE ANALYTICS,11-10-2020 (FN),0,Null,0,0,null, 02:00:00, 02:00:00,23
10.130.1.173,234768A8976N1446, 14:01:23,2019mc21980,MATERIALS MANAGEMENT,15-03-2020(AN),2,Student, 03:41, 00:07,Y, 01:57:24, 01:57:24,24
10.130.1.173,234768A8976N1446, 14:01:23,2019mc21980,MATERIALS MANAGEMENT,15-03-2020(AN),2,Student, 03:41, 00:07,Y, 01:57:24, 01:57:24,24
10.131.1.179,234768A8976N1138, 10:00:17,2019mc21968,PREDICTIVE ANALYTICS,11-10-2020 (FN),0,Null,0,0,null, 01:55:09, 01:55:09,22
10.131.1.236,234768A8976N1075, 10:00:21,2019mc21967,PREDICTIVE ANALYTICS,11-10-2020 (FN),8,Proctor, 03:28, 02:53,Y, 01:59:43, 01:59:43,24
10.130.2.37,234768A8976N1265, 14:01:17,2019mc21969,MATERIALS MANAGEMENT,15-03-2020(AN),1,Student,0, 00:39,Y, 01:55:52, 01:56:41,23
10.131.1.146,234768A8976N1265, 14:01:17,2019mc21969,MATERIALS MANAGEMENT,15-03-2020(AN),1,Student,0, 00:39,Y, 01:55:52, 01:56:41,23
10.131.1.114,234768A8976N1209, 10:01:08,2019mc21961,PREDICTIVE ANALYTICS,11-10-2020 (FN),3,Student, 02:41, 04:13,Y, 02:00:00, 02:00:00,22
10.131.1.171,234768A8976N1146, 10:00:21,2019mc21960,PREDICTIVE ANALYTICS,11-10-2020 (FN),5,Student, 04:14, 03:27,N, 01:57:18, 01:57:18,24
10.131.1.229,234768A8976N1083, 10:01:35,2019mc21959,PREDICTIVE ANALYTICS,11-10-2020 (FN),0,Null,0,0,null, 01:55:40, 01:55:40,25
10.131.1.59,234768A8976N1020, 10:01:41,2019mc21958,PREDICTIVE ANALYTICS,11-10-2020 (FN),0,Null,0,0,null, 01:59:10, 01:59:10,22
10.131.1.107,234768A8976N1217, 10:00:18,2019mc21953,PREDICTIVE ANALYTICS,11-10-2020 (FN),5,Student, 01:28, 03:14,N, 01:58:22, 01:58:22,20
10.131.1.164,234768A8976N1154, 10:01:27,2019mc21952,PREDICTIVE ANALYTICS,11-10-2020 (FN),8,Proctor, 00:09, 00:07,Y, 01:55:24, 01:55:24,21
10.131.1.221,234768A8976N1091, 10:01:22,2019mc21951,PREDICTIVE ANALYTICS,11-10-2020 (FN),0,Null,0,0,null, 01:59:23, 01:59:23,21
10.131.1.51,234768A8976N1028, 10:00:32,2019mc21950,PREDICTIVE ANALYTICS,11-10-2020 (FN),7,Proctor, 04:37, 01:38,Y, 01:56:06, 01:56:06,56
10.131.1.10,234768A8976N1225, 10:01:57,2019mc21945,PREDICTIVE ANALYTICS,11-10-2020 (FN),5,Student, 02:48, 01:28,N, 01:57:06, 01:57:06,21
10.130.1.45,234768A8976N1336, 14:00:43,2019mc21962,MATERIALS MANAGEMENT,15-03-2020(AN),2,Student, 02:27, 00:50,Y, 01:45:38, 01:58:47,22
10.132.1.123,234768A8976N1336, 15:09:21,2019mc21962,MATERIALS MANAGEMENT,15-03-2020(AN),2,Student, 02:27, 00:50,Y, 01:45:38, 01:58:47,24
10.131.1.214,234768A8976N1099, 14:01:37,2019mc22007,ADVANCED STATISTICAL METHODS,11-10-2020 (AN),0,Null,0,0,null, 01:58:45, 01:58:45,23
10.131.1.44,234768A8976N1036, 14:01:38,2019mc22006,ADVANCED STATISTICAL METHODS,11-10-2020 (AN),0,Null,0,0,null, 02:00:00, 02:00:00,22
10.133.10.23,234456GA8976N117, 14:01:36,2019mc22005,ADVANCED STATISTICAL METHODS,11-10-2020 (AN),0,Null,0,0,null, 01:58:41, 01:58:41,20
10.130.1.72,234768A8976N1309, 10:01:39,2019mc21989,SOFTWARE FOR EMBEDDED SYSTEMS,14-03-2020(FN),1,Student, 02:19, 02:42,Y, 01:58:02, 01:58:02,21
10.130.1.72,234768A8976N1309, 10:01:39,2019mc21989,SOFTWARE FOR EMBEDDED SYSTEMS,14-03-2020(FN),1,Student, 02:19, 02:42,Y, 01:58:02, 01:58:02,21
10.130.2.56,234768A8976N1246, 10:01:05,2019mc21988,SOFTWARE FOR EMBEDDED SYSTEMS,14-03-2020(FN),2,Student, 03:03, 02:04,Y, 01:59:15, 01:59:15,22
10.130.2.56,234768A8976N1246, 10:01:05,2019mc21988,SOFTWARE FOR EMBEDDED SYSTEMS,14-03-2020(FN),2,Student, 03:03, 02:04,Y, 01:59:15, 01:59:15,22
10.131.1.36,234768A8976N1044, 14:01:07,2019mc21998,ADVANCED STATISTICAL METHODS,11-10-2020 (AN),5,Student, 01:18, 03:54,Y, 01:56:30, 01:56:30,23
10.131.1.94,234456GA8976N125, 14:00:33,2019mc21997,ADVANCED STATISTICAL METHODS,11-10-2020 (AN),0,Null,0,0,null, 01:55:46, 01:55:46,21
10.131.1.142,234768A8976N1178, 14:00:04,2019mc21992,ADVANCED STATISTICAL METHODS,11-10-2020 (AN),0,Null,0,0,null, 01:58:39, 01:58:39,21
10.131.1.20,234768A8976N1115, 14:01:42,2019mc21991,ADVANCED STATISTICAL METHODS,11-10-2020 (AN),0,Null,0,0,null, 01:56:46, 01:56:46,24
10.131.1.28,234768A8976N1052, 14:01:28,2019mc21990,ADVANCED STATISTICAL METHODS,11-10-2020 (AN),8,Proctor, 01:27, 03:25,Y, 01:56:59, 01:56:59,25
10.131.1.87,234456GA8976N133, 14:01:08,2019mc21989,ADVANCED STATISTICAL METHODS,11-10-2020 (AN),4,Student, 03:15, 02:37,Y, 01:57:24, 01:57:24,22
10.131.1.135,234768A8976N1186, 14:01:42,2019mc21984,ADVANCED STATISTICAL METHODS,11-10-2020 (AN),0,Null,0,0,null, 02:00:00, 02:00:00,24
10.130.2.48,234768A8976N1254, 10:01:26,2019mc21980,SOFTWARE FOR EMBEDDED SYSTEMS,14-03-2020(FN),1,Student, 03:48, 03:23,Y, 01:57:29, 01:59:51,24
10.132.2.211,234768A8976N1254, 10:01:26,2019mc21980,SOFTWARE FOR EMBEDDED SYSTEMS,14-03-2020(FN),1,Student, 03:48, 03:23,Y, 01:57:29, 01:59:51,24
10.131.1.25,234768A8976N1060, 14:00:01,2019mc21982,ADVANCED STATISTICAL METHODS,11-10-2020 (AN),4,Student, 04:49, 04:40,Y, 02:00:00, 02:00:00,20
10.131.1.8,234456GA8976N141, 14:00:33,2019mc21981,ADVANCED STATISTICAL METHODS,11-10-2020 (AN),5,Student, 03:08, 03:47,Y, 01:59:08, 01:59:08,23
10.130.1.71,234768A8976N1310, 14:00:47,2019mc21988,INFORMATION RETRIEVAL ,14-03-2020(AN),1,Student, 02:13, 01:40,Y, 01:58:31, 01:58:31,23
10.130.1.71,234768A8976N1310, 14:00:47,2019mc21988,INFORMATION RETRIEVAL ,14-03-2020(AN),1,Student, 02:13, 01:40,Y, 01:58:31, 01:58:31,23
10.131.1.185,234768A8976N1131, 14:01:13,2019mc21975,ADVANCED STATISTICAL METHODS,11-10-2020 (AN),6,Proctor, 01:03, 01:18,Y, 01:43:34, 01:59:53,22
10.131.1.242,234768A8976N1068, 14:00:09,2019mc21974,ADVANCED STATISTICAL METHODS,11-10-2020 (AN),8,Proctor, 03:43, 03:49,Y, 01:55:49, 01:55:49,23
10.131.1.72,234456GA8976N149, 14:01:09,2019mc21973,ADVANCED STATISTICAL METHODS,11-10-2020 (AN),6,Proctor, 01:10, 01:23,Y, 01:48:25, 01:59:38,25
10.131.1.120,234768A8976N1202, 14:00:10,2019mc21968,ADVANCED STATISTICAL METHODS,11-10-2020 (AN),8,Proctor, 02:39, 02:06,Y, 01:55:37, 01:55:37,25
10.131.1.178,234768A8976N1139, 14:01:23,2019mc21967,ADVANCED STATISTICAL METHODS,11-10-2020 (AN),6,Proctor, 04:15, 02:20,Y, 01:44:50, 01:58:19,21
10.130.1.63,234768A8976N1318, 14:01:31,2019mc21980,INFORMATION RETRIEVAL ,14-03-2020(AN),2,Student, 02:31, 02:36,Y, 01:23:22, 01:55:39,23
10.113.1.32,NULL,NULL,2019mc21980,INFORMATION RETRIEVAL ,14-03-2020(AN),2,Student, 02:31, 02:36,Y, 01:23:22, 01:55:39,NULL
10.131.1.65,234768A8976N1013, 14:00:40,2019mc21965,ADVANCED STATISTICAL METHODS,11-10-2020 (AN),6,Proctor, 04:39, 01:15,Y, 01:50:16, 01:59:27,23
10.131.1.113,234768A8976N1210, 14:00:26,2019mc21960,ADVANCED STATISTICAL METHODS,11-10-2020 (AN),6,Proctor, 02:44, 00:13,Y, 01:40:00, 01:57:48,24
10.131.1.170,234768A8976N1147, 14:00:59,2019mc21959,ADVANCED STATISTICAL METHODS,11-10-2020 (AN),6,Proctor, 03:56, 04:42,Y, 01:43:53, 01:56:18,24
10.131.1.228,234768A8976N1084, 14:01:26,2019mc21958,ADVANCED STATISTICAL METHODS,11-10-2020 (AN),6,Proctor, 01:42, 03:07,Y, 01:42:27, 01:56:06,20
10.131.1.58,234768A8976N1021, 14:01:56,2019mc21957,ADVANCED STATISTICAL METHODS,11-10-2020 (AN),5,Student, 04:37, 02:51,Y, 01:55:42, 01:55:42,22
10.131.1.106,234768A8976N1218, 14:00:08,2019mc21952,ADVANCED STATISTICAL METHODS,11-10-2020 (AN),0,Null,0,0,null, 01:56:44, 01:56:44,21
10.131.1.163,234768A8976N1155, 14:01:35,2019mc21951,ADVANCED STATISTICAL METHODS,11-10-2020 (AN),0,Null,0,0,null, 01:57:24, 01:57:24,22
10.131.1.220,234768A8976N1092, 14:01:02,2019mc21950,ADVANCED STATISTICAL METHODS,11-10-2020 (AN),3,Student, 04:11, 04:14,N, 01:55:46, 01:55:46,24
10.130.1.55,234768A8976N1326, 14:00:17,2019mc21972,INFORMATION RETRIEVAL ,14-03-2020(AN),1,Student,0, 00:35,Y, 02:00:00, 02:00:00,21
10.130.1.55,234768A8976N1326, 14:00:17,2019mc21972,INFORMATION RETRIEVAL ,14-03-2020(AN),1,Student,0, 00:35,Y, 02:00:00, 02:00:00,21
10.133.10.20,234456GA8976N114, 10:00:49,2019mc22008,MODELS & APP IN OPR RESEARCH,10-10-2020 (FN),6,Proctor, 03:48, 00:31,Y, 01:55:22, 01:58:52,20
10.131.1.152,234768A8976N1167, 10:00:06,2019mc22003,MODELS & APP IN OPR RESEARCH,10-10-2020 (FN),0,Null,0,0,null, 01:58:33, 01:58:33,20
10.131.1.21,234768A8976N1104, 10:00:13,2019mc22002,MODELS & APP IN OPR RESEARCH,10-10-2020 (FN),6,Proctor, 02:54, 04:52,Y, 01:51:19, 01:57:56,20
10.131.1.39,234768A8976N1041, 10:00:58,2019mc22001,MODELS & APP IN OPR RESEARCH,10-10-2020 (FN),8,Proctor, 03:30, 03:46,Y, 01:58:41, 01:58:41,20
10.131.1.97,234456GA8976N122, 10:00:15,2019mc22000,MODELS & APP IN OPR RESEARCH,10-10-2020 (FN),4,Student, 02:08, 04:53,Y, 01:59:15, 01:59:15,23
10.131.1.145,234768A8976N1175, 10:00:28,2019mc21995,MODELS & APP IN OPR RESEARCH,10-10-2020 (FN),6,Proctor, 03:00, 00:55,Y, 01:40:27, 01:59:09,24
10.131.1.202,234768A8976N1112, 10:00:28,2019mc21994,MODELS & APP IN OPR RESEARCH,10-10-2020 (FN),5,Student, 04:41, 02:42,N, 01:59:17, 01:59:17,23
10.131.1.31,234768A8976N1049, 10:01:04,2019mc21993,MODELS & APP IN OPR RESEARCH,10-10-2020 (FN),3,Student, 03:16, 03:52,N, 02:00:00, 02:00:00,22
10.131.1.9,234456GA8976N130, 10:01:57,2019mc21992,MODELS & APP IN OPR RESEARCH,10-10-2020 (FN),6,Proctor, 03:37, 03:12,Y, 01:41:39, 01:55:05,23
10.131.1.138,234768A8976N1183, 10:01:48,2019mc21987,MODELS & APP IN OPR RESEARCH,10-10-2020 (FN),6,Proctor, 02:48, 04:31,Y, 01:53:48, 01:57:04,24
10.131.1.195,234768A8976N1120, 10:01:24,2019mc21986,MODELS & APP IN OPR RESEARCH,10-10-2020 (FN),8,Proctor, 04:33, 00:17,Y, 01:55:28, 01:55:28,21
10.131.1.252,234768A8976N1057, 10:01:10,2019mc21985,MODELS & APP IN OPR RESEARCH,10-10-2020 (FN),8,Proctor, 02:49, 02:20,Y, 01:58:00, 01:58:00,22
10.131.1.82,234456GA8976N138, 10:00:08,2019mc21984,MODELS & APP IN OPR RESEARCH,10-10-2020 (FN),5,Student, 01:31, 04:41,N, 01:56:13, 01:56:13,22
10.131.1.130,234768A8976N1191, 10:00:28,2019mc21979,MODELS & APP IN OPR RESEARCH,10-10-2020 (FN),6,Proctor, 02:16, 03:28,Y, 01:53:30, 01:59:11,20
10.131.1.188,234768A8976N1128, 10:00:04,2019mc21978,MODELS & APP IN OPR RESEARCH,10-10-2020 (FN),8,Proctor, 04:29, 03:10,Y, 01:57:40, 01:57:40,21
10.131.1.245,234768A8976N1065, 10:01:19,2019mc21977,MODELS & APP IN OPR RESEARCH,10-10-2020 (FN),6,Proctor, 00:52, 01:49,Y, 01:50:03, 01:59:30,21
10.131.1.75,234456GA8976N146, 10:01:44,2019mc21976,MODELS & APP IN OPR RESEARCH,10-10-2020 (FN),7,Proctor, 03:08, 03:46,Y, 01:55:23, 01:55:23,58
10.131.1.123,234768A8976N1199, 10:00:34,2019mc21971,MODELS & APP IN OPR RESEARCH,10-10-2020 (FN),5,Student, 02:24, 00:45,N, 01:57:57, 01:57:57,22
10.131.1.180,234768A8976N1136, 10:01:05,2019mc21970,MODELS & APP IN OPR RESEARCH,10-10-2020 (FN),0,Null,0,0,null, 01:58:22, 01:58:22,21
10.131.1.238,234768A8976N1073, 10:01:43,2019mc21969,MODELS & APP IN OPR RESEARCH,10-10-2020 (FN),4,Student, 04:38, 04:45,Y, 01:58:02, 01:58:02,24
10.131.1.68,234768A8976N1004, 10:00:53,2019mc21968,MODELS & APP IN OPR RESEARCH,10-10-2020 (FN),0,Null,0,0,null, 01:59:13, 01:59:13,25
10.130.2.31,234768A8976N1271, 14:01:39,2019mc21963,INFORMATION RETRIEVAL ,14-03-2020(AN),2,Student, 02:47, 00:59,Y, 01:58:26, 01:58:26,22
10.130.2.31,234768A8976N1271, 14:01:39,2019mc21963,INFORMATION RETRIEVAL ,14-03-2020(AN),2,Student, 02:47, 00:59,Y, 01:58:26, 01:58:26,22
10.131.1.173,234768A8976N1144, 10:01:22,2019mc21962,MODELS & APP IN OPR RESEARCH,10-10-2020 (FN),7,Proctor, 03:54, 01:26,Y, 01:58:28, 01:58:28,60
10.131.1.230,234768A8976N1081, 10:01:53,2019mc21961,MODELS & APP IN OPR RESEARCH,10-10-2020 (FN),3,Student, 02:15, 01:01,N, 01:59:09, 01:59:09,20
10.131.1.60,234768A8976N1018, 10:00:30,2019mc21960,MODELS & APP IN OPR RESEARCH,10-10-2020 (FN),5,Student, 00:14, 03:52,N, 01:57:22, 01:57:22,25
10.131.1.109,234768A8976N1215, 10:01:01,2019mc21955,MODELS & APP IN OPR RESEARCH,10-10-2020 (FN),5,Student, 03:21, 01:51,N, 01:57:53, 01:57:53,21
10.130.1.146,234768A8976N1476, 14:00:56,2019mc21950,INFORMATION RETRIEVAL ,14-03-2020(AN),1,Student, 03:17, 04:03,Y, 01:53:26, 01:57:12,20
10.103.1.121,234768A8976N1476, 14:00:56,2019mc21950,INFORMATION RETRIEVAL ,14-03-2020(AN),1,Student, 03:17, 04:03,N, 01:53:26, 01:57:12,20
10.131.1.223,234768A8976N1089, 10:01:18,2019mc21953,MODELS & APP IN OPR RESEARCH,10-10-2020 (FN),0,Null,0,0,null, 02:00:00, 02:00:00,22
10.131.1.53,234768A8976N1026, 10:00:01,2019mc21952,MODELS & APP IN OPR RESEARCH,10-10-2020 (FN),0,Null,0,0,null, 01:58:11, 01:58:11,24
10.131.1.101,234768A8976N1223, 10:01:23,2019mc21947,MODELS & APP IN OPR RESEARCH,10-10-2020 (FN),0,Null,0,0,null, 01:58:09, 01:58:09,20
10.131.1.66,234768A8976N1012, 10:01:50,2019mc21966,PREDICTIVE ANALYTICS,11-10-2020 (FN),2,Student, 02:11, 02:48,Y, 01:58:26, 01:58:26,22
10.131.1.66,234768A8976N1012, 10:01:50,2019mc21966,PREDICTIVE ANALYTICS,11-10-2020 (FN),2,Student, 02:11, 02:48,Y, 01:58:26, 01:58:26,22
10.131.1.216,234768A8976N1097, 10:01:22,2019mc21945,MODELS & APP IN OPR RESEARCH,10-10-2020 (FN),5,Student, 02:59, 02:50,N, 01:56:20, 01:56:20,25
10.131.1.46,234768A8976N1034, 14:01:32,2019mc22008,ADVANCED FINANCIAL MODELLING,10-10-2020 (AN),3,Student, 03:35, 00:54,Y, 02:00:00, 02:00:00,25
10.133.10.21,234456GA8976N115, 14:01:27,2019mc22007,ADVANCED FINANCIAL MODELLING,10-10-2020 (AN),8,Proctor, 00:13, 00:23,Y, 01:55:17, 01:55:17,24
10.131.1.151,234768A8976N1168, 14:01:20,2019mc22002,ADVANCED FINANCIAL MODELLING,10-10-2020 (AN),0,Null,0,0,null, 01:55:23, 01:55:23,24
10.131.1.209,234768A8976N1105, 14:01:06,2019mc22001,ADVANCED FINANCIAL MODELLING,10-10-2020 (AN),0,Null,0,0,null, 02:00:00, 02:00:00,25
10.131.1.157,234768A8976N1162, 14:00:02,2019mc22008,ADVANCED STATISTICAL METHODS,11-10-2020 (AN),1,Student, 02:41, 04:25,Y, 01:52:27, 01:56:06,23
10.121.1.121,234768A8976N1162, 14:00:02,2019mc22008,ADVANCED STATISTICAL METHODS,11-10-2020 (AN),1,Student, 02:41, 04:25,Y, 01:52:27, 01:56:06,23
10.131.1.96,234456GA8976N123, 14:01:04,2019mc21999,ADVANCED FINANCIAL MODELLING,10-10-2020 (AN),7,Proctor, 03:55, 02:11,Y, 01:59:17, 01:59:17,63
10.131.1.144,234768A8976N1176, 14:00:31,2019mc21994,ADVANCED FINANCIAL MODELLING,10-10-2020 (AN),0,Null,0,0,null, 01:59:15, 01:59:15,25
10.131.1.192,234768A8976N1123, 14:00:46,2019mc21983,ADVANCED STATISTICAL METHODS,11-10-2020 (AN),1,Student, 02:24, 02:13,Y, 01:57:50, 01:58:19,22
10.113.1.22,234768A8976N1123, 14:00:46,2019mc21983,ADVANCED STATISTICAL METHODS,11-10-2020 (AN),1,Student, 02:24, 02:13,Y, 01:57:50, 01:58:19,22
10.131.1.30,234768A8976N1050, 14:01:38,2019mc21992,ADVANCED FINANCIAL MODELLING,10-10-2020 (AN),0,Null,0,0,null, 01:58:52, 01:58:52,24
10.131.1.89,234456GA8976N131, 14:01:04,2019mc21991,ADVANCED FINANCIAL MODELLING,10-10-2020 (AN),5,Student, 00:25, 00:58,Y, 01:59:20, 01:59:20,21
10.131.1.137,234768A8976N1184, 14:01:22,2019mc21986,ADVANCED FINANCIAL MODELLING,10-10-2020 (AN),6,Proctor, 00:33, 01:56,Y, 01:43:24, 01:58:31,21
10.131.1.194,234768A8976N1121, 14:01:27,2019mc21985,ADVANCED FINANCIAL MODELLING,10-10-2020 (AN),8,Proctor, 00:39, 04:37,Y, 01:56:38, 01:56:38,23
10.131.1.251,234768A8976N1058, 14:00:42,2019mc21984,ADVANCED FINANCIAL MODELLING,10-10-2020 (AN),6,Proctor, 02:41, 02:33,Y, 01:42:54, 01:55:50,22
10.131.1.128,234768A8976N1194, 14:01:32,2019mc21976,ADVANCED STATISTICAL METHODS,11-10-2020 (AN),2,Student,0, 04:20,Y, 01:59:43, 01:59:43,25
10.131.1.128,234768A8976N1194, 14:01:32,2019mc21976,ADVANCED STATISTICAL METHODS,11-10-2020 (AN),2,Student,0, 04:20,Y, 01:59:43, 01:59:43,25
10.131.1.13,234768A8976N1192, 14:01:48,2019mc21978,ADVANCED FINANCIAL MODELLING,10-10-2020 (AN),6,Proctor, 01:52, 00:13,Y, 01:44:17, 01:55:26,21
10.131.1.187,234768A8976N1129, 14:01:32,2019mc21977,ADVANCED FINANCIAL MODELLING,10-10-2020 (AN),6,Proctor, 02:02, 02:26,Y, 01:44:57, 01:57:59,25
10.131.1.244,234768A8976N1066, 14:01:00,2019mc21976,ADVANCED FINANCIAL MODELLING,10-10-2020 (AN),7,Proctor, 02:52, 02:30,N, 01:59:43, 01:59:43,63
10.131.1.74,234456GA8976N147, 14:00:12,2019mc21975,ADVANCED FINANCIAL MODELLING,10-10-2020 (AN),6,Proctor, 02:02, 01:58,Y, 01:42:50, 01:58:52,25
10.131.1.122,234768A8976N1200, 14:01:18,2019mc21970,ADVANCED FINANCIAL MODELLING,10-10-2020 (AN),6,Proctor, 03:41, 03:56,Y, 01:49:14, 01:55:49,21
10.131.1.18,234768A8976N1137, 14:00:45,2019mc21969,ADVANCED FINANCIAL MODELLING,10-10-2020 (AN),4,Student, 04:55, 01:38,N, 01:58:52, 01:58:52,21
10.131.1.237,234768A8976N1074, 14:00:03,2019mc21968,ADVANCED FINANCIAL MODELLING,10-10-2020 (AN),6,Proctor, 04:32, 00:52,Y, 01:44:10, 01:59:34,23
10.131.1.67,234768A8976N1005, 14:00:11,2019mc21967,ADVANCED FINANCIAL MODELLING,10-10-2020 (AN),0,Null,0,0,null, 01:59:43, 01:59:43,22
10.131.1.115,234768A8976N1208, 14:00:33,2019mc21962,ADVANCED FINANCIAL MODELLING,10-10-2020 (AN),3,Student, 04:39, 01:33,Y, 01:59:15, 01:59:15,23
10.131.1.116,234768A8976N1207, 10:01:58,2019mc21963,MODELS & APP IN OPR RESEARCH,10-10-2020 (FN),1,Student, 03:03, 04:55,Y, 02:00:00, 02:00:00,23
10.131.1.116,234768A8976N1207, 10:01:58,2019mc21963,MODELS & APP IN OPR RESEARCH,10-10-2020 (FN),1,Student, 03:03, 04:55,Y, 02:00:00, 02:00:00,23
10.131.1.23,234768A8976N1082, 14:01:39,2019mc21960,ADVANCED FINANCIAL MODELLING,10-10-2020 (AN),0,Null,0,0,null, 02:00:00, 02:00:00,22
10.131.1.6,234768A8976N1019, 14:01:27,2019mc21959,ADVANCED FINANCIAL MODELLING,10-10-2020 (AN),5,Student, 03:03, 02:32,Y, 01:57:40, 01:57:40,22
10.131.1.166,234768A8976N1152, 10:01:25,2019mc21954,MODELS & APP IN OPR RESEARCH,10-10-2020 (FN),2,Student, 02:09, 00:30,Y, 02:00:00, 02:00:00,25
10.131.1.166,234768A8976N1152, 10:01:25,2019mc21954,MODELS & APP IN OPR RESEARCH,10-10-2020 (FN),2,Student, 02:09, 00:30,Y, 02:00:00, 02:00:00,25
10.131.1.165,234768A8976N1153, 14:01:54,2019mc21953,ADVANCED FINANCIAL MODELLING,10-10-2020 (AN),0,Null,0,0,null, 01:58:19, 01:58:19,21
10.131.1.222,234768A8976N1090, 14:01:15,2019mc21952,ADVANCED FINANCIAL MODELLING,10-10-2020 (AN),0,Null,0,0,null, 01:59:17, 01:59:17,21
10.131.1.52,234768A8976N1027, 14:00:39,2019mc21951,ADVANCED FINANCIAL MODELLING,10-10-2020 (AN),8,Proctor, 02:18, 01:26,Y, 01:58:50, 01:58:50,21
10.131.1.100,234768A8976N1224, 14:00:40,2019mc21946,ADVANCED FINANCIAL MODELLING,10-10-2020 (AN),4,Student, 02:18, 03:25,Y, 01:58:02, 01:58:02,24
10.131.1.158,234768A8976N1161, 14:00:10,2019mc21945,ADVANCED FINANCIAL MODELLING,10-10-2020 (AN),8,Proctor, 04:52, 01:46,Y, 01:57:20, 01:57:20,24
10.131.1.159,234768A8976N1160, 10:00:31,2019mc21946,MODELS & APP IN OPR RESEARCH,10-10-2020 (FN),1,Student, 03:52, 02:43,Y, 01:54:14, 01:55:49,22
10.101.2.112,234768A8976N1160, 10:00:31,2019mc21946,MODELS & APP IN OPR RESEARCH,10-10-2020 (FN),1,Student, 03:52, 02:43,Y, 01:54:14, 01:55:49,22
10.130.1.90,234768A8976N1291, 10:00:16,2019mc22007,ENGINEERING MATERIALS,08-03-2020 (FN),0,Null,0,0,null, 01:56:06, 01:56:06,20
10.130.2.74,234768A8976N1228, 10:00:18,2019mc22006,ENGINEERING MATERIALS,08-03-2020 (FN),0,Null,0,0,null, 01:56:41, 01:56:41,22
10.130.1.192,234768A8976N1425, 10:00:10,2019mc22001,ENGINEERING MATERIALS,08-03-2020 (FN),8,Proctor, 04:13, 03:03,Y, 01:56:26, 01:56:26,21
10.130.1.25,234768A8976N1362, 10:00:01,2019mc22000,ENGINEERING MATERIALS,08-03-2020 (FN),3,Student, 02:10, 04:26,Y, 01:59:43, 01:59:43,24
10.131.1.201,234768A8976N1113, 14:00:20,2019mc21993,ADVANCED FINANCIAL MODELLING,10-10-2020 (AN),2,Student, 04:02, 03:10,Y, 01:58:02, 01:58:02,21
10.131.1.201,234768A8976N1113, 14:00:20,2019mc21993,ADVANCED FINANCIAL MODELLING,10-10-2020 (AN),2,Student, 04:02, 03:10,Y, 01:58:02, 01:58:02,21
10.130.2.66,234768A8976N1236, 10:01:33,2019mc21998,ENGINEERING MATERIALS,08-03-2020 (FN),0,Null,0,0,null, 02:00:00, 02:00:00,21
10.130.1.185,234768A8976N1433, 10:00:22,2019mc21993,ENGINEERING MATERIALS,08-03-2020 (FN),4,Student, 02:53, 02:14,Y, 01:59:15, 01:59:15,24
10.130.1.242,234768A8976N1370, 10:01:43,2019mc21992,ENGINEERING MATERIALS,08-03-2020 (FN),0,Null,0,0,null, 01:57:12, 01:57:12,25
10.130.1.74,234768A8976N1307, 10:00:35,2019mc21991,ENGINEERING MATERIALS,08-03-2020 (FN),5,Student, 04:35, 01:10,Y, 01:59:36, 01:59:36,22
10.130.2.58,234768A8976N1244, 10:00:00,2019mc21990,ENGINEERING MATERIALS,08-03-2020 (FN),0,Null,0,0,null, 01:59:00, 01:59:00,22
10.130.1.178,234768A8976N1441, 10:01:17,2019mc21985,ENGINEERING MATERIALS,08-03-2020 (FN),0,Null,0,0,null, 01:56:44, 01:56:44,25
10.130.1.235,234768A8976N1378, 10:01:23,2019mc21984,ENGINEERING MATERIALS,08-03-2020 (FN),0,Null,0,0,null, 02:00:00, 02:00:00,23
10.130.1.66,234768A8976N1315, 10:01:10,2019mc21983,ENGINEERING MATERIALS,08-03-2020 (FN),7,Proctor, 03:30, 01:35,Y, 02:00:00, 02:00:00,51
10.131.1.81,234456GA8976N139, 14:00:52,2019mc21983,ADVANCED FINANCIAL MODELLING,10-10-2020 (AN),1,Student,0, 01:32,Y, 02:00:00, 02:00:00,20
10.131.1.81,234456GA8976N139, 14:00:52,2019mc21983,ADVANCED FINANCIAL MODELLING,10-10-2020 (AN),1,Student,0, 01:32,Y, 02:00:00, 02:00:00,20
10.130.1.170,234768A8976N1449, 10:01:04,2019mc21977,ENGINEERING MATERIALS,08-03-2020 (FN),0,Null,0,0,null, 01:57:59, 01:57:59,24
10.130.1.228,234768A8976N1386, 10:00:25,2019mc21976,ENGINEERING MATERIALS,08-03-2020 (FN),0,Null,0,0,null, 01:58:02, 01:58:02,22
10.130.1.58,234768A8976N1323, 10:00:38,2019mc21975,ENGINEERING MATERIALS,08-03-2020 (FN),6,Proctor, 01:15, 02:31,Y, 01:52:29, 01:59:51,22
10.130.2.42,234768A8976N1260, 10:00:12,2019mc21974,ENGINEERING MATERIALS,08-03-2020 (FN),6,Proctor, 02:49, 04:28,Y, 01:49:48, 01:57:31,23
10.130.1.163,234768A8976N1457, 10:00:04,2019mc21969,ENGINEERING MATERIALS,08-03-2020 (FN),0,Null,0,0,null, 02:00:00, 02:00:00,22
10.130.1.220,234768A8976N1394, 10:00:54,2019mc21968,ENGINEERING MATERIALS,08-03-2020 (FN),6,Proctor, 04:03, 02:36,Y, 01:49:09, 01:57:54,24
10.130.1.50,234768A8976N1331, 10:01:45,2019mc21967,ENGINEERING MATERIALS,08-03-2020 (FN),6,Proctor, 03:03, 02:39,Y, 01:42:57, 01:55:44,23
10.130.2.34,234768A8976N1268, 10:01:49,2019mc21966,ENGINEERING MATERIALS,08-03-2020 (FN),0,Null,0,0,null, 01:58:28, 01:58:28,22
10.130.1.156,234768A8976N1465, 10:01:26,2019mc21961,ENGINEERING MATERIALS,08-03-2020 (FN),7,Proctor, 04:56, 02:08,Y, 01:59:09, 01:59:09,51
10.130.1.213,234768A8976N1402, 10:01:17,2019mc21960,ENGINEERING MATERIALS,08-03-2020 (FN),8,Proctor, 03:37, 01:54,Y, 01:58:37, 01:58:37,20
10.130.1.42,234768A8976N1339, 10:00:51,2019mc21959,ENGINEERING MATERIALS,08-03-2020 (FN),6,Proctor, 03:15, 04:29,Y, 01:47:52, 01:56:41,25
10.130.2.26,234768A8976N1276, 10:00:26,2019mc21958,ENGINEERING MATERIALS,08-03-2020 (FN),8,Proctor, 01:17, 02:04,Y, 01:59:26, 01:59:26,23
10.130.1.149,234768A8976N1473, 10:01:53,2019mc21953,ENGINEERING MATERIALS,08-03-2020 (FN),6,Proctor, 01:56, 02:16,Y, 01:47:07, 01:59:54,22
10.130.1.206,234768A8976N1410, 10:00:46,2019mc21952,ENGINEERING MATERIALS,08-03-2020 (FN),6,Proctor, 01:43, 01:55,Y, 01:44:16, 01:59:16,22
10.130.1.34,234768A8976N1347, 10:01:27,2019mc21951,ENGINEERING MATERIALS,08-03-2020 (FN),8,Proctor, 02:15, 02:09,Y, 01:57:45, 01:57:45,23
10.130.1.97,234768A8976N1284, 10:01:44,2019mc21950,ENGINEERING MATERIALS,08-03-2020 (FN),3,Student, 04:41, 03:21,Y, 02:00:00, 02:00:00,22
10.130.1.141,234768A8976N1481, 10:01:56,2019mc21945,ENGINEERING MATERIALS,08-03-2020 (FN),0,Null,0,0,null, 01:57:07, 01:57:07,22
10.130.1.199,234768A8976N1418, 14:00:38,2019mc22008,MECHANICAL TECHNOLOGY,08-03-2020 (AN),4,Student, 03:59, 01:49,Y, 01:58:26, 01:58:26,20
10.130.1.26,234768A8976N1355, 14:01:30,2019mc22007,MECHANICAL TECHNOLOGY,08-03-2020 (AN),8,Proctor, 04:20, 01:03,Y, 01:55:56, 01:55:56,24
10.130.1.89,234768A8976N1292, 14:01:33,2019mc22006,MECHANICAL TECHNOLOGY,08-03-2020 (AN),0,Null,0,0,null, 01:57:30, 01:57:30,22
10.130.2.73,234768A8976N1229, 14:01:04,2019mc22005,MECHANICAL TECHNOLOGY,08-03-2020 (AN),8,Proctor, 04:38, 04:50,Y, 01:56:45, 01:56:45,24
10.130.1.191,234768A8976N1426, 14:01:29,2019mc22000,MECHANICAL TECHNOLOGY,08-03-2020 (AN),3,Student, 03:22, 00:26,Y, 01:58:26, 01:58:26,21
10.130.1.249,234768A8976N1363, 14:01:00,2019mc21999,MECHANICAL TECHNOLOGY,08-03-2020 (AN),7,Proctor, 02:07, 03:21,Y, 01:55:15, 01:55:15,51
10.130.1.81,234768A8976N1300, 14:01:50,2019mc21998,MECHANICAL TECHNOLOGY,08-03-2020 (AN),8,Proctor, 02:51, 02:37,Y, 01:56:18, 01:56:18,25
10.130.2.65,234768A8976N1237, 14:00:45,2019mc21997,MECHANICAL TECHNOLOGY,08-03-2020 (AN),8,Proctor, 01:04, 02:51,Y, 01:59:08, 01:59:08,24
10.130.1.184,234768A8976N1434, 14:01:20,2019mc21992,MECHANICAL TECHNOLOGY,08-03-2020 (AN),0,Null,0,0,null, 01:56:56, 01:56:56,25
10.130.1.241,234768A8976N1371, 14:01:21,2019mc21991,MECHANICAL TECHNOLOGY,08-03-2020 (AN),5,Student, 04:28, 03:01,Y, 01:55:17, 01:55:17,24
10.130.1.73,234768A8976N1308, 14:00:01,2019mc21990,MECHANICAL TECHNOLOGY,08-03-2020 (AN),0,Null,0,0,null, 01:59:03, 01:59:03,21
10.131.1.172,234768A8976N1145, 14:01:41,2019mc21961,ADVANCED FINANCIAL MODELLING,10-10-2020 (AN),2,Student, 02:56, 03:06,N, 01:25:10, 02:00:00,21
10.113.0.121,NULL,NULL,2019mc21961,ADVANCED FINANCIAL MODELLING,10-10-2020 (AN),2,Student, 02:56, 03:06,N, 01:25:10, 02:00:00,NULL
10.130.1.177,234768A8976N1442, 14:01:08,2019mc21984,MECHANICAL TECHNOLOGY,08-03-2020 (AN),0,Null,0,0,null, 01:59:52, 01:59:52,22
10.130.1.234,234768A8976N1379, 14:01:43,2019mc21983,MECHANICAL TECHNOLOGY,08-03-2020 (AN),3,Student, 03:25, 02:33,Y, 01:56:06, 01:56:06,24
10.130.1.27,234768A8976N1354, 10:00:05,2019mc22008,ENGINEERING MATERIALS,08-03-2020 (FN),2,Student, 03:46, 02:24,Y, 01:58:31, 01:58:31,22
10.130.1.27,234768A8976N1354, 10:00:05,2019mc22008,ENGINEERING MATERIALS,08-03-2020 (FN),2,Student, 03:46, 02:24,Y, 01:58:31, 01:58:31,22
10.130.2.49,234768A8976N1253, 14:01:44,2019mc21981,MECHANICAL TECHNOLOGY,08-03-2020 (AN),0,Null,0,0,null, 02:00:00, 02:00:00,21
10.130.1.17,234768A8976N1450, 14:00:17,2019mc21976,MECHANICAL TECHNOLOGY,08-03-2020 (AN),3,Student, 04:18, 00:07,Y, 02:00:00, 02:00:00,23
10.130.1.227,234768A8976N1387, 14:00:37,2019mc21975,MECHANICAL TECHNOLOGY,08-03-2020 (AN),0,Null,0,0,null, 01:59:24, 01:59:24,25
10.130.1.57,234768A8976N1324, 14:01:17,2019mc21974,MECHANICAL TECHNOLOGY,08-03-2020 (AN),0,Null,0,0,null, 01:56:12, 01:56:12,22
10.130.2.41,234768A8976N1261, 14:01:04,2019mc21973,MECHANICAL TECHNOLOGY,08-03-2020 (AN),6,Proctor, 03:40, 01:59,Y, 01:51:53, 01:57:28,24
10.130.1.162,234768A8976N1458, 14:00:22,2019mc21968,MECHANICAL TECHNOLOGY,08-03-2020 (AN),6,Proctor, 01:27, 00:06,Y, 01:49:51, 01:55:38,21
10.130.1.22,234768A8976N1395, 14:01:54,2019mc21967,MECHANICAL TECHNOLOGY,08-03-2020 (AN),6,Proctor, 03:40, 03:29,Y, 01:47:54, 01:56:32,21
10.130.1.49,234768A8976N1332, 14:01:51,2019mc21966,MECHANICAL TECHNOLOGY,08-03-2020 (AN),7,Proctor, 02:58, 03:04,Y, 01:58:31, 01:58:31,60
10.130.2.33,234768A8976N1269, 14:01:06,2019mc21965,MECHANICAL TECHNOLOGY,08-03-2020 (AN),6,Proctor, 04:48, 03:26,Y, 01:47:59, 01:56:19,25
10.130.1.155,234768A8976N1466, 14:01:57,2019mc21960,MECHANICAL TECHNOLOGY,08-03-2020 (AN),5,Student, 01:51, 00:38,Y, 01:56:13, 01:56:13,24
10.130.1.212,234768A8976N1403, 14:01:40,2019mc21959,MECHANICAL TECHNOLOGY,08-03-2020 (AN),6,Proctor, 00:43, 03:05,Y, 01:49:16, 01:55:51,24
10.130.1.41,234768A8976N1340, 14:00:29,2019mc21958,MECHANICAL TECHNOLOGY,08-03-2020 (AN),6,Proctor, 00:30, 04:54,Y, 01:48:43, 01:55:11,22
10.130.2.25,234768A8976N1277, 14:00:03,2019mc21957,MECHANICAL TECHNOLOGY,08-03-2020 (AN),0,Null,0,0,null, 01:55:51, 01:55:51,24
10.130.1.148,234768A8976N1474, 14:00:58,2019mc21952,MECHANICAL TECHNOLOGY,08-03-2020 (AN),0,Null,0,0,null, 02:00:00, 02:00:00,22
10.130.1.205,234768A8976N1411, 14:01:28,2019mc21951,MECHANICAL TECHNOLOGY,08-03-2020 (AN),5,Student, 00:07, 01:30,Y, 01:56:55, 01:56:55,24
10.130.1.82,234768A8976N1299, 10:01:47,2019mc21999,ENGINEERING MATERIALS,08-03-2020 (FN),1,Student,0, 01:11,Y, 01:59:43, 01:59:43,23
10.130.1.82,234768A8976N1299, 10:01:47,2019mc21999,ENGINEERING MATERIALS,08-03-2020 (FN),1,Student,0, 01:11,Y, 01:59:43, 01:59:43,23
10.130.1.96,234768A8976N1285, 14:01:24,2019mc21949,MECHANICAL TECHNOLOGY,08-03-2020 (AN),4,Student, 04:03, 00:53,Y, 01:57:37, 01:57:37,23
10.130.2.50,234768A8976N1252, 10:01:28,2019mc21982,ENGINEERING MATERIALS,08-03-2020 (FN),2,Student, 03:57, 04:28,Y, 02:00:00, 02:00:00,22
10.130.2.50,234768A8976N1252, 10:01:28,2019mc21982,ENGINEERING MATERIALS,08-03-2020 (FN),2,Student, 03:57, 04:28,Y, 02:00:00, 02:00:00,22
10.130.1.194,234768A8976N1423, 10:00:40,2019mc22003,ENVIRONMENTAL CHEMISTRY  ,07-03-2020 (FN),0,Null,0,0,null, 01:57:40, 01:57:40,25
10.130.1.251,234768A8976N1360, 10:01:59,2019mc22002,ENVIRONMENTAL CHEMISTRY  ,07-03-2020 (FN),0,Null,0,0,null, 02:00:00, 02:00:00,22
10.130.1.84,234768A8976N1297, 10:01:57,2019mc22001,ENVIRONMENTAL CHEMISTRY  ,07-03-2020 (FN),5,Student, 03:18, 02:07,Y, 01:58:30, 01:58:30,22
10.130.1.65,234768A8976N1316, 14:01:28,2019mc21982,MECHANICAL TECHNOLOGY,08-03-2020 (AN),2,Student, 02:27, 03:07,Y, 02:00:00, 02:00:00,22
10.130.1.65,234768A8976N1316, 14:01:28,2019mc21982,MECHANICAL TECHNOLOGY,08-03-2020 (AN),2,Student, 02:27, 03:07,Y, 02:00:00, 02:00:00,22
10.130.1.187,234768A8976N1431, 10:00:41,2019mc21995,ENVIRONMENTAL CHEMISTRY  ,07-03-2020 (FN),0,Null,0,0,null, 01:58:11, 01:58:11,24
10.130.1.244,234768A8976N1368, 10:00:19,2019mc21994,ENVIRONMENTAL CHEMISTRY  ,07-03-2020 (FN),6,Proctor, 02:22, 00:07,Y, 01:52:52, 01:58:36,22
10.130.1.33,234768A8976N1348, 14:00:33,2019mc21950,MECHANICAL TECHNOLOGY,08-03-2020 (AN),1,Student, 02:31, 03:47,Y, 02:00:00, 02:00:00,22
10.130.1.33,234768A8976N1348, 14:00:33,2019mc21950,MECHANICAL TECHNOLOGY,08-03-2020 (AN),1,Student, 02:31, 03:47,Y, 02:00:00, 02:00:00,22
10.130.2.60,234768A8976N1242, 10:00:44,2019mc21992,ENVIRONMENTAL CHEMISTRY  ,07-03-2020 (FN),6,Proctor, 04:21, 02:06,Y, 01:49:16, 01:57:54,24
10.130.1.18,234768A8976N1439, 10:01:05,2019mc21987,ENVIRONMENTAL CHEMISTRY  ,07-03-2020 (FN),6,Proctor, 03:27, 01:04,Y, 01:53:00, 01:57:17,24
10.130.1.237,234768A8976N1376, 10:01:24,2019mc21986,ENVIRONMENTAL CHEMISTRY  ,07-03-2020 (FN),6,Proctor, 00:45, 03:56,Y, 01:48:12, 01:56:01,21
10.130.1.68,234768A8976N1313, 10:00:59,2019mc21985,ENVIRONMENTAL CHEMISTRY  ,07-03-2020 (FN),8,Proctor, 04:56, 03:47,Y, 01:56:15, 01:56:15,25
10.130.2.52,234768A8976N1250, 10:00:54,2019mc21984,ENVIRONMENTAL CHEMISTRY  ,07-03-2020 (FN),8,Proctor, 02:20, 03:38,Y, 01:56:34, 01:56:34,20
10.130.1.172,234768A8976N1447, 10:01:45,2019mc21979,ENVIRONMENTAL CHEMISTRY  ,07-03-2020 (FN),6,Proctor, 03:06, 00:55,Y, 01:49:01, 01:57:22,20
10.130.1.23,234768A8976N1384, 10:01:09,2019mc21978,ENVIRONMENTAL CHEMISTRY  ,07-03-2020 (FN),6,Proctor, 03:26, 04:35,Y, 01:44:01, 01:56:17,23
10.130.1.60,234768A8976N1321, 10:01:13,2019mc21977,ENVIRONMENTAL CHEMISTRY  ,07-03-2020 (FN),6,Proctor, 01:12, 03:53,Y, 01:40:56, 01:58:27,25
10.130.2.76,234768A8976N1226, 10:02:00,2019mc22008,ENVIRONMENTAL CHEMISTRY  ,07-03-2020 (FN),2,Student, 02:32, 04:06,Y, 02:00:00, 02:00:00,21
10.130.2.76,234768A8976N1226, 10:02:00,2019mc22008,ENVIRONMENTAL CHEMISTRY  ,07-03-2020 (FN),2,Student, 02:32, 04:06,Y, 02:00:00, 02:00:00,21
10.130.1.165,234768A8976N1455, 10:00:15,2019mc21971,ENVIRONMENTAL CHEMISTRY  ,07-03-2020 (FN),0,Null,0,0,null, 01:55:44, 01:55:44,21
10.130.1.222,234768A8976N1392, 10:01:13,2019mc21970,ENVIRONMENTAL CHEMISTRY  ,07-03-2020 (FN),8,Proctor, 03:01, 01:35,Y, 01:56:10, 01:56:10,24
10.130.2.68,234768A8976N1234, 10:01:33,2019mc22000,ENVIRONMENTAL CHEMISTRY  ,07-03-2020 (FN),2,Student, 02:40, 02:17,Y, 01:49:03, 01:59:21,23
10.131.1.219,234768A8976N1234, 11:21:35,2019mc22000,ENVIRONMENTAL CHEMISTRY  ,07-03-2020 (FN),2,Student, 02:40, 02:17,Y, 01:49:03, 01:59:21,21
10.130.2.36,234768A8976N1266, 10:01:39,2019mc21968,ENVIRONMENTAL CHEMISTRY  ,07-03-2020 (FN),5,Student, 03:29, 04:33,Y, 01:55:45, 01:55:45,23
10.130.1.158,234768A8976N1463, 10:00:07,2019mc21963,ENVIRONMENTAL CHEMISTRY  ,07-03-2020 (FN),7,Proctor, 04:23, 01:48,N, 01:56:46, 01:56:46,57
10.130.1.76,234768A8976N1305, 10:00:00,2019mc21993,ENVIRONMENTAL CHEMISTRY  ,07-03-2020 (FN),1,Student,0, 03:59,Y, 02:00:00, 02:00:00,22
10.130.1.76,234768A8976N1305, 10:00:00,2019mc21993,ENVIRONMENTAL CHEMISTRY  ,07-03-2020 (FN),1,Student,0, 03:59,Y, 02:00:00, 02:00:00,22
10.130.1.52,234768A8976N1329, 10:01:39,2019mc21969,ENVIRONMENTAL CHEMISTRY  ,07-03-2020 (FN),1,Student, 02:26, 03:53,Y, 02:00:00, 02:00:00,22
10.130.1.52,234768A8976N1329, 10:01:39,2019mc21969,ENVIRONMENTAL CHEMISTRY  ,07-03-2020 (FN),1,Student, 02:26, 03:53,Y, 02:00:00, 02:00:00,22
10.130.2.28,234768A8976N1274, 10:00:45,2019mc21960,ENVIRONMENTAL CHEMISTRY  ,07-03-2020 (FN),0,Null,0,0,null, 02:00:00, 02:00:00,21
10.130.1.150,234768A8976N1471, 10:01:49,2019mc21955,ENVIRONMENTAL CHEMISTRY  ,07-03-2020 (FN),0,Null,0,0,null, 01:57:20, 01:57:20,24
10.130.1.208,234768A8976N1408, 10:01:58,2019mc21954,ENVIRONMENTAL CHEMISTRY  ,07-03-2020 (FN),3,Student, 04:11, 03:21,N, 01:59:17, 01:59:17,25
10.130.1.36,234768A8976N1345, 10:00:18,2019mc21953,ENVIRONMENTAL CHEMISTRY  ,07-03-2020 (FN),5,Student, 02:24, 02:13,Y, 01:57:29, 01:57:29,21
10.130.1.99,234768A8976N1282, 10:00:18,2019mc21952,ENVIRONMENTAL CHEMISTRY  ,07-03-2020 (FN),0,Null,0,0,null, 01:59:46, 01:59:46,23
10.130.1.143,234768A8976N1479, 10:01:22,2019mc21947,ENVIRONMENTAL CHEMISTRY  ,07-03-2020 (FN),0,Null,0,0,null, 02:00:00, 02:00:00,24
10.130.1.44,234768A8976N1337, 10:00:58,2019mc21961,ENVIRONMENTAL CHEMISTRY  ,07-03-2020 (FN),2,Student, 04:11, 02:27,Y, 01:59:43, 01:59:43,24
10.130.1.44,234768A8976N1337, 10:00:58,2019mc21961,ENVIRONMENTAL CHEMISTRY  ,07-03-2020 (FN),2,Student, 04:11, 02:27,Y, 01:59:43, 01:59:43,24
10.130.1.28,234768A8976N1353, 10:00:01,2019mc21945,ENVIRONMENTAL CHEMISTRY  ,07-03-2020 (FN),5,Student, 02:06, 04:55,Y, 01:59:28, 01:59:28,24
10.130.1.200,234768A8976N1416, 10:00:22,2019mc21946,ENVIRONMENTAL CHEMISTRY  ,07-03-2020 (FN),1,Student, 03:19, 01:07,Y, 01:53:57, 01:59:18,23
10.131.1.234,234768A8976N1416, 10:00:22,2019mc21946,ENVIRONMENTAL CHEMISTRY  ,07-03-2020 (FN),1,Student, 03:19, 01:07,Y, 01:53:57, 01:59:18,23
10.130.2.75,234768A8976N1227, 14:01:33,2019mc22007,OPTICAL COMMUNICATION,07-03-2020 (AN),0,Null,0,0,null, 02:00:00, 02:00:00,22
10.130.1.193,234768A8976N1424, 14:01:27,2019mc22002,OPTICAL COMMUNICATION,07-03-2020 (AN),0,Null,0,0,null, 01:55:21, 01:55:21,24
10.130.1.250,234768A8976N1361, 14:00:33,2019mc22001,OPTICAL COMMUNICATION,07-03-2020 (AN),5,Student, 04:17, 02:24,N, 01:58:02, 01:58:02,25
10.130.1.83,234768A8976N1298, 14:00:09,2019mc22000,OPTICAL COMMUNICATION,07-03-2020 (AN),3,Student, 04:38, 01:24,Y, 02:00:00, 02:00:00,21
10.130.2.67,234768A8976N1235, 14:01:51,2019mc21999,OPTICAL COMMUNICATION,07-03-2020 (AN),1,Student,0, 02:21,Y, 01:56:44, 01:56:44,25
10.130.2.67,234768A8976N1235, 14:01:51,2019mc21999,OPTICAL COMMUNICATION,07-03-2020 (AN),1,Student,0, 02:21,Y, 01:56:44, 01:56:44,25
10.130.1.186,234768A8976N1432, 14:00:16,2019mc21994,OPTICAL COMMUNICATION,07-03-2020 (AN),8,Proctor, 01:17, 02:03,Y, 01:59:37, 01:59:37,23
10.130.1.243,234768A8976N1369, 14:00:42,2019mc21993,OPTICAL COMMUNICATION,07-03-2020 (AN),3,Student, 03:01, 03:42,Y, 01:58:38, 01:58:38,20
10.130.1.75,234768A8976N1306, 14:00:57,2019mc21992,OPTICAL COMMUNICATION,07-03-2020 (AN),8,Proctor, 03:45, 03:48,Y, 01:56:48, 01:56:48,24
10.130.2.59,234768A8976N1243, 14:01:09,2019mc21991,OPTICAL COMMUNICATION,07-03-2020 (AN),0,Null,0,0,null, 01:57:55, 01:57:55,23
10.130.1.179,234768A8976N1440, 14:01:48,2019mc21986,OPTICAL COMMUNICATION,07-03-2020 (AN),0,Null,0,0,null, 01:59:21, 01:59:21,24
10.130.1.236,234768A8976N1377, 14:01:04,2019mc21985,OPTICAL COMMUNICATION,07-03-2020 (AN),0,Null,0,0,null, 01:58:52, 01:58:52,22
10.130.1.67,234768A8976N1314, 14:01:26,2019mc21984,OPTICAL COMMUNICATION,07-03-2020 (AN),6,Proctor, 00:48, 01:51,Y, 01:42:46, 01:55:56,24
10.130.2.51,234768A8976N1251, 14:01:42,2019mc21983,OPTICAL COMMUNICATION,07-03-2020 (AN),7,Proctor, 04:44, 02:30,Y, 01:58:31, 01:58:31,60
10.130.1.171,234768A8976N1448, 14:01:44,2019mc21978,OPTICAL COMMUNICATION,07-03-2020 (AN),6,Proctor, 03:45, 04:19,Y, 01:40:22, 01:55:39,21
10.130.1.229,234768A8976N1385, 14:01:23,2019mc21977,OPTICAL COMMUNICATION,07-03-2020 (AN),5,Student, 00:18, 02:01,N, 01:59:29, 01:59:29,20
10.130.1.59,234768A8976N1322, 14:01:34,2019mc21976,OPTICAL COMMUNICATION,07-03-2020 (AN),2,Student, 00:12, 03:05,Y, 02:00:00, 02:00:00,25
10.130.1.59,234768A8976N1322, 14:01:34,2019mc21976,OPTICAL COMMUNICATION,07-03-2020 (AN),2,Student, 00:12, 03:05,Y, 02:00:00, 02:00:00,25
10.130.2.43,234768A8976N1259, 14:00:21,2019mc21975,OPTICAL COMMUNICATION,07-03-2020 (AN),6,Proctor, 01:44, 00:27,Y, 01:42:12, 01:57:27,23
10.130.1.164,234768A8976N1456, 14:00:10,2019mc21970,OPTICAL COMMUNICATION,07-03-2020 (AN),5,Student, 03:01, 03:21,N, 01:59:20, 01:59:20,23
10.130.1.221,234768A8976N1393, 14:01:31,2019mc21969,OPTICAL COMMUNICATION,07-03-2020 (AN),2,Student, 01:04, 04:39,Y, 02:00:00, 02:00:00,20
10.130.1.221,234768A8976N1393, 14:01:31,2019mc21969,OPTICAL COMMUNICATION,07-03-2020 (AN),2,Student, 01:04, 04:39,Y, 02:00:00, 02:00:00,20
10.130.1.51,234768A8976N1330, 14:01:43,2019mc21968,OPTICAL COMMUNICATION,07-03-2020 (AN),6,Proctor, 00:53, 01:51,Y, 01:46:09, 01:56:43,25
10.130.2.35,234768A8976N1267, 14:00:03,2019mc21967,OPTICAL COMMUNICATION,07-03-2020 (AN),6,Proctor, 04:06, 04:10,Y, 01:48:20, 01:55:38,23
10.130.1.157,234768A8976N1464, 14:01:33,2019mc21962,OPTICAL COMMUNICATION,07-03-2020 (AN),4,Student, 04:50, 02:16,Y, 01:57:24, 01:57:24,22
10.130.1.214,234768A8976N1401, 14:00:21,2019mc21961,OPTICAL COMMUNICATION,07-03-2020 (AN),3,Student, 03:48, 02:26,Y, 01:56:44, 01:56:44,20
10.130.1.43,234768A8976N1338, 14:00:22,2019mc21960,OPTICAL COMMUNICATION,07-03-2020 (AN),5,Student, 01:30, 04:31,N, 01:59:39, 01:59:39,22
10.130.2.27,234768A8976N1275, 14:00:24,2019mc21959,OPTICAL COMMUNICATION,07-03-2020 (AN),8,Proctor, 02:14, 00:28,Y, 01:55:45, 01:55:45,22
10.130.1.15,234768A8976N1472, 14:00:42,2019mc21954,OPTICAL COMMUNICATION,07-03-2020 (AN),1,Student, 02:38, 04:53,Y, 02:00:00, 02:00:00,22
10.130.1.15,234768A8976N1472, 14:00:42,2019mc21954,OPTICAL COMMUNICATION,07-03-2020 (AN),1,Student, 02:38, 04:53,Y, 02:00:00, 02:00:00,22
10.130.1.207,234768A8976N1409, 14:00:21,2019mc21953,OPTICAL COMMUNICATION,07-03-2020 (AN),0,Null,0,0,null, 02:00:00, 02:00:00,21
10.130.1.35,234768A8976N1346, 14:01:12,2019mc21952,OPTICAL COMMUNICATION,07-03-2020 (AN),0,Null,0,0,null, 01:58:10, 01:58:10,23
10.130.1.98,234768A8976N1283, 14:01:29,2019mc21951,OPTICAL COMMUNICATION,07-03-2020 (AN),5,Student, 01:27, 04:24,N, 01:57:21, 01:57:21,25
10.130.1.142,234768A8976N1480, 14:00:06,2019mc21946,OPTICAL COMMUNICATION,07-03-2020 (AN),3,Student, 01:23, 03:11,Y, 01:56:46, 01:56:46,21
10.130.1.20,234768A8976N1417, 14:01:01,2019mc21945,OPTICAL COMMUNICATION,07-03-2020 (AN),0,Null,0,0,null, 01:55:32, 01:55:32,21
